merchant,description,mcc,transaction_type,label,source
5Ka City,Synthetic payment at 5ka,5451,expense,2,seed_keywords_v1
5Ka Express,Synthetic 5ka receipt,5462,expense,2,seed_keywords_v1
5Ka Online,Synthetic card operation 5ka,5411,expense,2,seed_keywords_v1
5Ka Pay,Synthetic no mcc operation 5ka,0,expense,2,seed_no_mcc_v1
5Ka Pay,Synthetic 5ka purchase,5441,expense,2,seed_keywords_v1
5Ka Store,Synthetic online payment 5ka,5499,expense,2,seed_keywords_v1
Auchan City,Synthetic online payment auchan,5422,expense,2,seed_keywords_v1
Auchan Express,Synthetic card operation auchan,5441,expense,2,seed_keywords_v1
Auchan Online,Synthetic payment at auchan,5499,expense,2,seed_keywords_v1
Auchan Pay,Synthetic auchan receipt,5411,expense,2,seed_keywords_v1
Auchan Store,Synthetic no mcc operation auchan,0,expense,2,seed_no_mcc_v1
Auchan Store,Synthetic auchan purchase,5462,expense,2,seed_keywords_v1
Bristol City,Synthetic payment at bristol,5411,expense,2,seed_keywords_v1
Bristol Express,Synthetic bristol receipt,5422,expense,2,seed_keywords_v1
Bristol Online,Synthetic card operation bristol,5451,expense,2,seed_keywords_v1
Bristol Pay,Synthetic no mcc operation bristol,0,expense,2,seed_no_mcc_v1
Bristol Pay,Synthetic bristol purchase,5499,expense,2,seed_keywords_v1
Bristol Store,Synthetic online payment bristol,5441,expense,2,seed_keywords_v1
Dixy City,Synthetic payment at dixy,5422,expense,2,seed_keywords_v1
Dixy Express,Synthetic dixy receipt,5441,expense,2,seed_keywords_v1
Dixy Online,Synthetic card operation dixy,5462,expense,2,seed_keywords_v1
Dixy Pay,Synthetic no mcc operation dixy,0,expense,2,seed_no_mcc_v1
Dixy Pay,Synthetic dixy purchase,5411,expense,2,seed_keywords_v1
Dixy Store,Synthetic online payment dixy,5451,expense,2,seed_keywords_v1
Grocery City,Synthetic grocery receipt,5499,expense,2,seed_keywords_v1
Grocery Express,Synthetic online payment grocery,5411,expense,2,seed_keywords_v1
Grocery Online,Synthetic no mcc operation grocery,0,expense,2,seed_no_mcc_v1
Grocery Online,Synthetic grocery purchase,5451,expense,2,seed_keywords_v1
Grocery Pay,Synthetic payment at grocery,5462,expense,2,seed_keywords_v1
Grocery Store,Synthetic card operation grocery,5422,expense,2,seed_keywords_v1
Lenta City,Synthetic no mcc operation lenta,0,expense,2,seed_no_mcc_v1
Lenta City,Synthetic lenta purchase,5441,expense,2,seed_keywords_v1
Lenta Express,Synthetic payment at lenta,5451,expense,2,seed_keywords_v1
Lenta Online,Synthetic online payment lenta,5499,expense,2,seed_keywords_v1
Lenta Pay,Synthetic card operation lenta,5411,expense,2,seed_keywords_v1
Lenta Store,Synthetic lenta receipt,5462,expense,2,seed_keywords_v1
Perekrestok City,Synthetic perekrestok receipt,5441,expense,2,seed_keywords_v1
Perekrestok Express,Synthetic online payment perekrestok,5451,expense,2,seed_keywords_v1
Perekrestok Online,Synthetic no mcc operation perekrestok,0,expense,2,seed_no_mcc_v1
Perekrestok Online,Synthetic perekrestok purchase,5411,expense,2,seed_keywords_v1
Perekrestok Pay,Synthetic payment at perekrestok,5422,expense,2,seed_keywords_v1
Perekrestok Store,Synthetic card operation perekrestok,5462,expense,2,seed_keywords_v1
Pyaterochka City,Synthetic no mcc operation pyaterochka,0,expense,2,seed_no_mcc_v1
Pyaterochka City,Synthetic pyaterochka purchase,5451,expense,2,seed_keywords_v1
Pyaterochka Express,Synthetic payment at pyaterochka,5462,expense,2,seed_keywords_v1
Pyaterochka Online,Synthetic online payment pyaterochka,5411,expense,2,seed_keywords_v1
Pyaterochka Pay,Synthetic card operation pyaterochka,5422,expense,2,seed_keywords_v1
Pyaterochka Store,Synthetic pyaterochka receipt,5499,expense,2,seed_keywords_v1
Sbermarket City,Synthetic sbermarket receipt,5411,expense,2,seed_keywords_v1
Sbermarket Express,Synthetic online payment sbermarket,5422,expense,2,seed_keywords_v1
Sbermarket Online,Synthetic no mcc operation sbermarket,0,expense,2,seed_no_mcc_v1
Sbermarket Online,Synthetic sbermarket purchase,5462,expense,2,seed_keywords_v1
Sbermarket Pay,Synthetic payment at sbermarket,5499,expense,2,seed_keywords_v1
Sbermarket Store,Synthetic card operation sbermarket,5441,expense,2,seed_keywords_v1
Vkusvill City,Synthetic card operation vkusvill,5411,expense,2,seed_keywords_v1
Vkusvill Express,Synthetic no mcc operation vkusvill,0,expense,2,seed_no_mcc_v1
Vkusvill Express,Synthetic vkusvill purchase,5441,expense,2,seed_keywords_v1
Vkusvill Online,Synthetic vkusvill receipt,5462,expense,2,seed_keywords_v1
Vkusvill Pay,Synthetic online payment vkusvill,5499,expense,2,seed_keywords_v1
Vkusvill Store,Synthetic payment at vkusvill,5451,expense,2,seed_keywords_v1
Winelab City,Synthetic card operation winelab,5499,expense,2,seed_keywords_v1
Winelab Express,Synthetic no mcc operation winelab,0,expense,2,seed_no_mcc_v1
Winelab Express,Synthetic winelab purchase,5422,expense,2,seed_keywords_v1
Winelab Online,Synthetic winelab receipt,5451,expense,2,seed_keywords_v1
Winelab Pay,Synthetic online payment winelab,5462,expense,2,seed_keywords_v1
Winelab Store,Synthetic payment at winelab,5441,expense,2,seed_keywords_v1
Ашан City,Synthetic card operation ашан,5422,expense,2,seed_keywords_v1
Ашан Express,Synthetic no mcc operation ашан,0,expense,2,seed_no_mcc_v1
Ашан Express,Synthetic ашан purchase,5451,expense,2,seed_keywords_v1
Ашан Online,Synthetic ашан receipt,5499,expense,2,seed_keywords_v1
Ашан Pay,Synthetic online payment ашан,5411,expense,2,seed_keywords_v1
Ашан Store,Synthetic payment at ашан,5462,expense,2,seed_keywords_v1
Бристоль City,Synthetic no mcc operation бристоль,0,expense,2,seed_no_mcc_v1
Бристоль City,Synthetic бристоль purchase,5411,expense,2,seed_keywords_v1
Бристоль Express,Synthetic payment at бристоль,5422,expense,2,seed_keywords_v1
Бристоль Online,Synthetic online payment бристоль,5451,expense,2,seed_keywords_v1
Бристоль Pay,Synthetic card operation бристоль,5462,expense,2,seed_keywords_v1
Бристоль Store,Synthetic бристоль receipt,5441,expense,2,seed_keywords_v1
Вкусвилл City,Synthetic no mcc operation вкусвилл,0,expense,2,seed_no_mcc_v1
Вкусвилл City,Synthetic вкусвилл purchase,5422,expense,2,seed_keywords_v1
Вкусвилл Express,Synthetic payment at вкусвилл,5441,expense,2,seed_keywords_v1
Вкусвилл Online,Synthetic online payment вкусвилл,5462,expense,2,seed_keywords_v1
Вкусвилл Pay,Synthetic card operation вкусвилл,5499,expense,2,seed_keywords_v1
Вкусвилл Store,Synthetic вкусвилл receipt,5451,expense,2,seed_keywords_v1
Дикси City,Synthetic дикси receipt,5422,expense,2,seed_keywords_v1
Дикси Express,Synthetic online payment дикси,5441,expense,2,seed_keywords_v1
Дикси Online,Synthetic no mcc operation дикси,0,expense,2,seed_no_mcc_v1
Дикси Online,Synthetic дикси purchase,5499,expense,2,seed_keywords_v1
Дикси Pay,Synthetic payment at дикси,5411,expense,2,seed_keywords_v1
Дикси Store,Synthetic card operation дикси,5451,expense,2,seed_keywords_v1
Красное Белое City,Synthetic online payment красное белое,5499,expense,2,seed_keywords_v1
Красное Белое Express,Synthetic card operation красное белое,5411,expense,2,seed_keywords_v1
Красное Белое Online,Synthetic payment at красное белое,5451,expense,2,seed_keywords_v1
Красное Белое Pay,Synthetic красное белое receipt,5462,expense,2,seed_keywords_v1
Красное Белое Store,Synthetic no mcc operation красное белое,0,expense,2,seed_no_mcc_v1
Красное Белое Store,Synthetic красное белое purchase,5441,expense,2,seed_keywords_v1
Лента City,Synthetic payment at лента,5441,expense,2,seed_keywords_v1
Лента Express,Synthetic лента receipt,5451,expense,2,seed_keywords_v1
Лента Online,Synthetic card operation лента,5499,expense,2,seed_keywords_v1
Лента Pay,Synthetic no mcc operation лента,0,expense,2,seed_no_mcc_v1
Лента Pay,Synthetic лента purchase,5422,expense,2,seed_keywords_v1
Лента Store,Synthetic online payment лента,5462,expense,2,seed_keywords_v1
Перекресток City,Synthetic card operation перекресток,5441,expense,2,seed_keywords_v1
Перекресток Express,Synthetic no mcc operation перекресток,0,expense,2,seed_no_mcc_v1
Перекресток Express,Synthetic перекресток purchase,5462,expense,2,seed_keywords_v1
Перекресток Online,Synthetic перекресток receipt,5411,expense,2,seed_keywords_v1
Перекресток Pay,Synthetic online payment перекресток,5422,expense,2,seed_keywords_v1
Перекресток Store,Synthetic payment at перекресток,5499,expense,2,seed_keywords_v1
Перекрёсток City,Synthetic online payment перекрёсток,5441,expense,2,seed_keywords_v1
Перекрёсток Express,Synthetic card operation перекрёсток,5451,expense,2,seed_keywords_v1
Перекрёсток Online,Synthetic payment at перекрёсток,5411,expense,2,seed_keywords_v1
Перекрёсток Pay,Synthetic перекрёсток receipt,5422,expense,2,seed_keywords_v1
Перекрёсток Store,Synthetic no mcc operation перекрёсток,0,expense,2,seed_no_mcc_v1
Перекрёсток Store,Synthetic перекрёсток purchase,5499,expense,2,seed_keywords_v1
Пятерочка City,Synthetic online payment пятерочка,5451,expense,2,seed_keywords_v1
Пятерочка Express,Synthetic card operation пятерочка,5462,expense,2,seed_keywords_v1
Пятерочка Online,Synthetic payment at пятерочка,5422,expense,2,seed_keywords_v1
Пятерочка Pay,Synthetic пятерочка receipt,5441,expense,2,seed_keywords_v1
Пятерочка Store,Synthetic no mcc operation пятерочка,0,expense,2,seed_no_mcc_v1
Пятерочка Store,Synthetic пятерочка purchase,5411,expense,2,seed_keywords_v1
Пятёрочка City,Synthetic пятёрочка receipt,5451,expense,2,seed_keywords_v1
Пятёрочка Express,Synthetic online payment пятёрочка,5462,expense,2,seed_keywords_v1
Пятёрочка Online,Synthetic no mcc operation пятёрочка,0,expense,2,seed_no_mcc_v1
Пятёрочка Online,Synthetic пятёрочка purchase,5422,expense,2,seed_keywords_v1
Пятёрочка Pay,Synthetic payment at пятёрочка,5441,expense,2,seed_keywords_v1
Пятёрочка Store,Synthetic card operation пятёрочка,5499,expense,2,seed_keywords_v1
Самокат City,Synthetic online payment самокат,5411,expense,2,seed_keywords_v1
Самокат Express,Synthetic card operation самокат,5422,expense,2,seed_keywords_v1
Самокат Online,Synthetic payment at самокат,5462,expense,2,seed_keywords_v1
Самокат Pay,Synthetic самокат receipt,5499,expense,2,seed_keywords_v1
Самокат Store,Synthetic no mcc operation самокат,0,expense,2,seed_no_mcc_v1
Самокат Store,Synthetic самокат purchase,5451,expense,2,seed_keywords_v1
Burger King City,Synthetic no mcc operation burger king,0,expense,3,seed_no_mcc_v1
Burger King City,Synthetic burger king purchase,5812,expense,3,seed_keywords_v1
Burger King Express,Synthetic payment at burger king,5813,expense,3,seed_keywords_v1
Burger King Online,Synthetic online payment burger king,5812,expense,3,seed_keywords_v1
Burger King Pay,Synthetic card operation burger king,5813,expense,3,seed_keywords_v1
Burger King Store,Synthetic burger king receipt,5814,expense,3,seed_keywords_v1
Cafe City,Synthetic online payment cafe,5813,expense,3,seed_keywords_v1
Cafe Express,Synthetic card operation cafe,5814,expense,3,seed_keywords_v1
Cafe Online,Synthetic payment at cafe,5814,expense,3,seed_keywords_v1
Cafe Pay,Synthetic cafe receipt,5812,expense,3,seed_keywords_v1
Cafe Store,Synthetic no mcc operation cafe,0,expense,3,seed_no_mcc_v1
Cafe Store,Synthetic cafe purchase,5813,expense,3,seed_keywords_v1
Coffee City,Synthetic no mcc operation coffee,0,expense,3,seed_no_mcc_v1
Coffee City,Synthetic coffee purchase,5814,expense,3,seed_keywords_v1
Coffee Express,Synthetic payment at coffee,5812,expense,3,seed_keywords_v1
Coffee Online,Synthetic online payment coffee,5814,expense,3,seed_keywords_v1
Coffee Pay,Synthetic card operation coffee,5812,expense,3,seed_keywords_v1
Coffee Store,Synthetic coffee receipt,5813,expense,3,seed_keywords_v1
Dodo City,Synthetic dodo receipt,5812,expense,3,seed_keywords_v1
Dodo Express,Synthetic online payment dodo,5813,expense,3,seed_keywords_v1
Dodo Online,Synthetic no mcc operation dodo,0,expense,3,seed_no_mcc_v1
Dodo Online,Synthetic dodo purchase,5813,expense,3,seed_keywords_v1
Dodo Pay,Synthetic payment at dodo,5814,expense,3,seed_keywords_v1
Dodo Store,Synthetic card operation dodo,5814,expense,3,seed_keywords_v1
Kfc City,Synthetic payment at kfc,5812,expense,3,seed_keywords_v1
Kfc Express,Synthetic kfc receipt,5813,expense,3,seed_keywords_v1
Kfc Online,Synthetic card operation kfc,5812,expense,3,seed_keywords_v1
Kfc Pay,Synthetic no mcc operation kfc,0,expense,3,seed_no_mcc_v1
Kfc Pay,Synthetic kfc purchase,5814,expense,3,seed_keywords_v1
Kfc Store,Synthetic online payment kfc,5814,expense,3,seed_keywords_v1
Mcdonalds City,Synthetic card operation mcdonalds,5814,expense,3,seed_keywords_v1
Mcdonalds Express,Synthetic no mcc operation mcdonalds,0,expense,3,seed_no_mcc_v1
Mcdonalds Express,Synthetic mcdonalds purchase,5813,expense,3,seed_keywords_v1
Mcdonalds Online,Synthetic mcdonalds receipt,5812,expense,3,seed_keywords_v1
Mcdonalds Pay,Synthetic online payment mcdonalds,5813,expense,3,seed_keywords_v1
Mcdonalds Store,Synthetic payment at mcdonalds,5814,expense,3,seed_keywords_v1
Restaurant City,Synthetic payment at restaurant,5813,expense,3,seed_keywords_v1
Restaurant Express,Synthetic restaurant receipt,5814,expense,3,seed_keywords_v1
Restaurant Online,Synthetic card operation restaurant,5813,expense,3,seed_keywords_v1
Restaurant Pay,Synthetic no mcc operation restaurant,0,expense,3,seed_no_mcc_v1
Restaurant Pay,Synthetic restaurant purchase,5812,expense,3,seed_keywords_v1
Restaurant Store,Synthetic online payment restaurant,5812,expense,3,seed_keywords_v1
Starbucks City,Synthetic starbucks receipt,5814,expense,3,seed_keywords_v1
Starbucks Express,Synthetic online payment starbucks,5812,expense,3,seed_keywords_v1
Starbucks Online,Synthetic no mcc operation starbucks,0,expense,3,seed_no_mcc_v1
Starbucks Online,Synthetic starbucks purchase,5812,expense,3,seed_keywords_v1
Starbucks Pay,Synthetic payment at starbucks,5813,expense,3,seed_keywords_v1
Starbucks Store,Synthetic card operation starbucks,5813,expense,3,seed_keywords_v1
Subway City,Synthetic subway receipt,5812,expense,3,seed_keywords_v1
Subway Express,Synthetic online payment subway,5813,expense,3,seed_keywords_v1
Subway Online,Synthetic no mcc operation subway,0,expense,3,seed_no_mcc_v1
Subway Online,Synthetic subway purchase,5813,expense,3,seed_keywords_v1
Subway Pay,Synthetic payment at subway,5814,expense,3,seed_keywords_v1
Subway Store,Synthetic card operation subway,5814,expense,3,seed_keywords_v1
Tanuki City,Synthetic online payment tanuki,5812,expense,3,seed_keywords_v1
Tanuki Express,Synthetic card operation tanuki,5813,expense,3,seed_keywords_v1
Tanuki Online,Synthetic payment at tanuki,5813,expense,3,seed_keywords_v1
Tanuki Pay,Synthetic tanuki receipt,5814,expense,3,seed_keywords_v1
Tanuki Store,Synthetic no mcc operation tanuki,0,expense,3,seed_no_mcc_v1
Tanuki Store,Synthetic tanuki purchase,5812,expense,3,seed_keywords_v1
Yakitoriya City,Synthetic card operation yakitoriya,5812,expense,3,seed_keywords_v1
Yakitoriya Express,Synthetic no mcc operation yakitoriya,0,expense,3,seed_no_mcc_v1
Yakitoriya Express,Synthetic yakitoriya purchase,5814,expense,3,seed_keywords_v1
Yakitoriya Online,Synthetic yakitoriya receipt,5813,expense,3,seed_keywords_v1
Yakitoriya Pay,Synthetic online payment yakitoriya,5814,expense,3,seed_keywords_v1
Yakitoriya Store,Synthetic payment at yakitoriya,5812,expense,3,seed_keywords_v1
Вкусно И Точка City,Synthetic online payment вкусно и точка,5814,expense,3,seed_keywords_v1
Вкусно И Точка Express,Synthetic card operation вкусно и точка,5812,expense,3,seed_keywords_v1
Вкусно И Точка Online,Synthetic payment at вкусно и точка,5812,expense,3,seed_keywords_v1
Вкусно И Точка Pay,Synthetic вкусно и точка receipt,5813,expense,3,seed_keywords_v1
Вкусно И Точка Store,Synthetic no mcc operation вкусно и точка,0,expense,3,seed_no_mcc_v1
Вкусно И Точка Store,Synthetic вкусно и точка purchase,5814,expense,3,seed_keywords_v1
Додо City,Synthetic online payment додо,5812,expense,3,seed_keywords_v1
Додо Express,Synthetic card operation додо,5813,expense,3,seed_keywords_v1
Додо Online,Synthetic payment at додо,5813,expense,3,seed_keywords_v1
Додо Pay,Synthetic додо receipt,5814,expense,3,seed_keywords_v1
Додо Store,Synthetic no mcc operation додо,0,expense,3,seed_no_mcc_v1
Додо Store,Synthetic додо purchase,5812,expense,3,seed_keywords_v1
Еда City,Synthetic card operation еда,5814,expense,3,seed_keywords_v1
Еда Express,Synthetic no mcc operation еда,0,expense,3,seed_no_mcc_v1
Еда Express,Synthetic еда purchase,5813,expense,3,seed_keywords_v1
Еда Online,Synthetic еда receipt,5812,expense,3,seed_keywords_v1
Еда Pay,Synthetic online payment еда,5813,expense,3,seed_keywords_v1
Еда Store,Synthetic payment at еда,5814,expense,3,seed_keywords_v1
Кафе City,Synthetic card operation кафе,5813,expense,3,seed_keywords_v1
Кафе Express,Synthetic no mcc operation кафе,0,expense,3,seed_no_mcc_v1
Кафе Express,Synthetic кафе purchase,5812,expense,3,seed_keywords_v1
Кафе Online,Synthetic кафе receipt,5814,expense,3,seed_keywords_v1
Кафе Pay,Synthetic online payment кафе,5812,expense,3,seed_keywords_v1
Кафе Store,Synthetic payment at кафе,5813,expense,3,seed_keywords_v1
Кофе City,Synthetic payment at кофе,5814,expense,3,seed_keywords_v1
Кофе Express,Synthetic кофе receipt,5812,expense,3,seed_keywords_v1
Кофе Online,Synthetic card operation кофе,5814,expense,3,seed_keywords_v1
Кофе Pay,Synthetic no mcc operation кофе,0,expense,3,seed_no_mcc_v1
Кофе Pay,Synthetic кофе purchase,5813,expense,3,seed_keywords_v1
Кофе Store,Synthetic online payment кофе,5813,expense,3,seed_keywords_v1
Ресторан City,Synthetic ресторан receipt,5813,expense,3,seed_keywords_v1
Ресторан Express,Synthetic online payment ресторан,5814,expense,3,seed_keywords_v1
Ресторан Online,Synthetic no mcc operation ресторан,0,expense,3,seed_no_mcc_v1
Ресторан Online,Synthetic ресторан purchase,5814,expense,3,seed_keywords_v1
Ресторан Pay,Synthetic payment at ресторан,5812,expense,3,seed_keywords_v1
Ресторан Store,Synthetic card operation ресторан,5812,expense,3,seed_keywords_v1
Суши City,Synthetic no mcc operation суши,0,expense,3,seed_no_mcc_v1
Суши City,Synthetic суши purchase,5813,expense,3,seed_keywords_v1
Суши Express,Synthetic payment at суши,5814,expense,3,seed_keywords_v1
Суши Online,Synthetic online payment суши,5813,expense,3,seed_keywords_v1
Суши Pay,Synthetic card operation суши,5814,expense,3,seed_keywords_v1
Суши Store,Synthetic суши receipt,5812,expense,3,seed_keywords_v1
Теремок City,Synthetic payment at теремок,5812,expense,3,seed_keywords_v1
Теремок Express,Synthetic теремок receipt,5813,expense,3,seed_keywords_v1
Теремок Online,Synthetic card operation теремок,5812,expense,3,seed_keywords_v1
Теремок Pay,Synthetic no mcc operation теремок,0,expense,3,seed_no_mcc_v1
Теремок Pay,Synthetic теремок purchase,5814,expense,3,seed_keywords_v1
Теремок Store,Synthetic online payment теремок,5814,expense,3,seed_keywords_v1
Шоколадница City,Synthetic no mcc operation шоколадница,0,expense,3,seed_no_mcc_v1
Шоколадница City,Synthetic шоколадница purchase,5812,expense,3,seed_keywords_v1
Шоколадница Express,Synthetic payment at шоколадница,5813,expense,3,seed_keywords_v1
Шоколадница Online,Synthetic online payment шоколадница,5812,expense,3,seed_keywords_v1
Шоколадница Pay,Synthetic card operation шоколадница,5813,expense,3,seed_keywords_v1
Шоколадница Store,Synthetic шоколадница receipt,5814,expense,3,seed_keywords_v1
Adidas City,Synthetic adidas receipt,5661,expense,4,seed_keywords_v1
Adidas Express,Synthetic online payment adidas,5691,expense,4,seed_keywords_v1
Adidas Online,Synthetic no mcc operation adidas,0,expense,4,seed_no_mcc_v1
Adidas Online,Synthetic adidas purchase,5631,expense,4,seed_keywords_v1
Adidas Pay,Synthetic payment at adidas,5651,expense,4,seed_keywords_v1
Adidas Store,Synthetic card operation adidas,5621,expense,4,seed_keywords_v1
Asos City,Synthetic card operation asos,5661,expense,4,seed_keywords_v1
Asos Express,Synthetic no mcc operation asos,0,expense,4,seed_no_mcc_v1
Asos Express,Synthetic asos purchase,5691,expense,4,seed_keywords_v1
Asos Online,Synthetic asos receipt,5631,expense,4,seed_keywords_v1
Asos Pay,Synthetic online payment asos,5651,expense,4,seed_keywords_v1
Asos Store,Synthetic payment at asos,5621,expense,4,seed_keywords_v1
Befree City,Synthetic befree receipt,5661,expense,4,seed_keywords_v1
Befree Express,Synthetic online payment befree,5691,expense,4,seed_keywords_v1
Befree Online,Synthetic no mcc operation befree,0,expense,4,seed_no_mcc_v1
Befree Online,Synthetic befree purchase,5631,expense,4,seed_keywords_v1
Befree Pay,Synthetic payment at befree,5651,expense,4,seed_keywords_v1
Befree Store,Synthetic card operation befree,5621,expense,4,seed_keywords_v1
Colins City,Synthetic online payment colins,5661,expense,4,seed_keywords_v1
Colins Express,Synthetic card operation colins,5691,expense,4,seed_keywords_v1
Colins Online,Synthetic payment at colins,5631,expense,4,seed_keywords_v1
Colins Pay,Synthetic colins receipt,5651,expense,4,seed_keywords_v1
Colins Store,Synthetic no mcc operation colins,0,expense,4,seed_no_mcc_v1
Colins Store,Synthetic colins purchase,5621,expense,4,seed_keywords_v1
Gloria Jeans City,Synthetic payment at gloria jeans,5661,expense,4,seed_keywords_v1
Gloria Jeans Express,Synthetic gloria jeans receipt,5691,expense,4,seed_keywords_v1
Gloria Jeans Online,Synthetic card operation gloria jeans,5631,expense,4,seed_keywords_v1
Gloria Jeans Pay,Synthetic no mcc operation gloria jeans,0,expense,4,seed_no_mcc_v1
Gloria Jeans Pay,Synthetic gloria jeans purchase,5651,expense,4,seed_keywords_v1
Gloria Jeans Store,Synthetic online payment gloria jeans,5621,expense,4,seed_keywords_v1
H M City,Synthetic h m receipt,5661,expense,4,seed_keywords_v1
H M Express,Synthetic online payment h m,5691,expense,4,seed_keywords_v1
H M Online,Synthetic no mcc operation h m,0,expense,4,seed_no_mcc_v1
H M Online,Synthetic h m purchase,5631,expense,4,seed_keywords_v1
H M Pay,Synthetic payment at h m,5651,expense,4,seed_keywords_v1
H M Store,Synthetic card operation h m,5621,expense,4,seed_keywords_v1
Lamoda City,Synthetic no mcc operation lamoda,0,expense,4,seed_no_mcc_v1
Lamoda City,Synthetic lamoda purchase,5661,expense,4,seed_keywords_v1
Lamoda Express,Synthetic payment at lamoda,5691,expense,4,seed_keywords_v1
Lamoda Online,Synthetic online payment lamoda,5631,expense,4,seed_keywords_v1
Lamoda Pay,Synthetic card operation lamoda,5651,expense,4,seed_keywords_v1
Lamoda Store,Synthetic lamoda receipt,5621,expense,4,seed_keywords_v1
Mango City,Synthetic no mcc operation mango,0,expense,4,seed_no_mcc_v1
Mango City,Synthetic mango purchase,5661,expense,4,seed_keywords_v1
Mango Express,Synthetic payment at mango,5691,expense,4,seed_keywords_v1
Mango Online,Synthetic online payment mango,5631,expense,4,seed_keywords_v1
Mango Pay,Synthetic card operation mango,5651,expense,4,seed_keywords_v1
Mango Store,Synthetic mango receipt,5621,expense,4,seed_keywords_v1
Nike City,Synthetic payment at nike,5661,expense,4,seed_keywords_v1
Nike Express,Synthetic nike receipt,5691,expense,4,seed_keywords_v1
Nike Online,Synthetic card operation nike,5631,expense,4,seed_keywords_v1
Nike Pay,Synthetic no mcc operation nike,0,expense,4,seed_no_mcc_v1
Nike Pay,Synthetic nike purchase,5651,expense,4,seed_keywords_v1
Nike Store,Synthetic online payment nike,5621,expense,4,seed_keywords_v1
Ostin City,Synthetic online payment ostin,5661,expense,4,seed_keywords_v1
Ostin Express,Synthetic card operation ostin,5691,expense,4,seed_keywords_v1
Ostin Online,Synthetic payment at ostin,5631,expense,4,seed_keywords_v1
Ostin Pay,Synthetic ostin receipt,5651,expense,4,seed_keywords_v1
Ostin Store,Synthetic no mcc operation ostin,0,expense,4,seed_no_mcc_v1
Ostin Store,Synthetic ostin purchase,5621,expense,4,seed_keywords_v1
Reebok City,Synthetic no mcc operation reebok,0,expense,4,seed_no_mcc_v1
Reebok City,Synthetic reebok purchase,5661,expense,4,seed_keywords_v1
Reebok Express,Synthetic payment at reebok,5691,expense,4,seed_keywords_v1
Reebok Online,Synthetic online payment reebok,5631,expense,4,seed_keywords_v1
Reebok Pay,Synthetic card operation reebok,5651,expense,4,seed_keywords_v1
Reebok Store,Synthetic reebok receipt,5621,expense,4,seed_keywords_v1
Rendez Vous City,Synthetic card operation rendez vous,5661,expense,4,seed_keywords_v1
Rendez Vous Express,Synthetic no mcc operation rendez vous,0,expense,4,seed_no_mcc_v1
Rendez Vous Express,Synthetic rendez vous purchase,5691,expense,4,seed_keywords_v1
Rendez Vous Online,Synthetic rendez vous receipt,5631,expense,4,seed_keywords_v1
Rendez Vous Pay,Synthetic online payment rendez vous,5651,expense,4,seed_keywords_v1
Rendez Vous Store,Synthetic payment at rendez vous,5621,expense,4,seed_keywords_v1
Reserved City,Synthetic card operation reserved,5661,expense,4,seed_keywords_v1
Reserved Express,Synthetic no mcc operation reserved,0,expense,4,seed_no_mcc_v1
Reserved Express,Synthetic reserved purchase,5691,expense,4,seed_keywords_v1
Reserved Online,Synthetic reserved receipt,5631,expense,4,seed_keywords_v1
Reserved Pay,Synthetic online payment reserved,5651,expense,4,seed_keywords_v1
Reserved Store,Synthetic payment at reserved,5621,expense,4,seed_keywords_v1
Sneakers City,Synthetic payment at sneakers,5661,expense,4,seed_keywords_v1
Sneakers Express,Synthetic sneakers receipt,5691,expense,4,seed_keywords_v1
Sneakers Online,Synthetic card operation sneakers,5631,expense,4,seed_keywords_v1
Sneakers Pay,Synthetic no mcc operation sneakers,0,expense,4,seed_no_mcc_v1
Sneakers Pay,Synthetic sneakers purchase,5651,expense,4,seed_keywords_v1
Sneakers Store,Synthetic online payment sneakers,5621,expense,4,seed_keywords_v1
Uniqlo City,Synthetic payment at uniqlo,5661,expense,4,seed_keywords_v1
Uniqlo Express,Synthetic uniqlo receipt,5691,expense,4,seed_keywords_v1
Uniqlo Online,Synthetic card operation uniqlo,5631,expense,4,seed_keywords_v1
Uniqlo Pay,Synthetic no mcc operation uniqlo,0,expense,4,seed_no_mcc_v1
Uniqlo Pay,Synthetic uniqlo purchase,5651,expense,4,seed_keywords_v1
Uniqlo Store,Synthetic online payment uniqlo,5621,expense,4,seed_keywords_v1
Zara City,Synthetic online payment zara,5661,expense,4,seed_keywords_v1
Zara Express,Synthetic card operation zara,5691,expense,4,seed_keywords_v1
Zara Online,Synthetic payment at zara,5631,expense,4,seed_keywords_v1
Zara Pay,Synthetic zara receipt,5651,expense,4,seed_keywords_v1
Zara Store,Synthetic no mcc operation zara,0,expense,4,seed_no_mcc_v1
Zara Store,Synthetic zara purchase,5621,expense,4,seed_keywords_v1
Обувь City,Synthetic обувь receipt,5661,expense,4,seed_keywords_v1
Обувь Express,Synthetic online payment обувь,5691,expense,4,seed_keywords_v1
Обувь Online,Synthetic no mcc operation обувь,0,expense,4,seed_no_mcc_v1
Обувь Online,Synthetic обувь purchase,5631,expense,4,seed_keywords_v1
Обувь Pay,Synthetic payment at обувь,5651,expense,4,seed_keywords_v1
Обувь Store,Synthetic card operation обувь,5621,expense,4,seed_keywords_v1
Одежда City,Synthetic online payment одежда,5661,expense,4,seed_keywords_v1
Одежда Express,Synthetic card operation одежда,5691,expense,4,seed_keywords_v1
Одежда Online,Synthetic payment at одежда,5631,expense,4,seed_keywords_v1
Одежда Pay,Synthetic одежда receipt,5651,expense,4,seed_keywords_v1
Одежда Store,Synthetic no mcc operation одежда,0,expense,4,seed_no_mcc_v1
Одежда Store,Synthetic одежда purchase,5621,expense,4,seed_keywords_v1
Citilink City,Synthetic citilink receipt,5045,expense,5,seed_keywords_v1
Citilink Express,Synthetic online payment citilink,5722,expense,5,seed_keywords_v1
Citilink Online,Synthetic no mcc operation citilink,0,expense,5,seed_no_mcc_v1
Citilink Online,Synthetic citilink purchase,5732,expense,5,seed_keywords_v1
Citilink Pay,Synthetic payment at citilink,5734,expense,5,seed_keywords_v1
Citilink Store,Synthetic card operation citilink,5732,expense,5,seed_keywords_v1
Dns City,Synthetic card operation dns,5045,expense,5,seed_keywords_v1
Dns Express,Synthetic no mcc operation dns,0,expense,5,seed_no_mcc_v1
Dns Express,Synthetic dns purchase,5045,expense,5,seed_keywords_v1
Dns Online,Synthetic dns receipt,5732,expense,5,seed_keywords_v1
Dns Pay,Synthetic online payment dns,5734,expense,5,seed_keywords_v1
Dns Store,Synthetic payment at dns,5722,expense,5,seed_keywords_v1
Eldorado City,Synthetic no mcc operation eldorado,0,expense,5,seed_no_mcc_v1
Eldorado City,Synthetic eldorado purchase,5734,expense,5,seed_keywords_v1
Eldorado Express,Synthetic payment at eldorado,5045,expense,5,seed_keywords_v1
Eldorado Online,Synthetic online payment eldorado,5732,expense,5,seed_keywords_v1
Eldorado Pay,Synthetic card operation eldorado,5734,expense,5,seed_keywords_v1
Eldorado Store,Synthetic eldorado receipt,5722,expense,5,seed_keywords_v1
Electronics City,Synthetic electronics receipt,5732,expense,5,seed_keywords_v1
Electronics Express,Synthetic online payment electronics,5734,expense,5,seed_keywords_v1
Electronics Online,Synthetic no mcc operation electronics,0,expense,5,seed_no_mcc_v1
Electronics Online,Synthetic electronics purchase,5045,expense,5,seed_keywords_v1
Electronics Pay,Synthetic payment at electronics,5722,expense,5,seed_keywords_v1
Electronics Store,Synthetic card operation electronics,5045,expense,5,seed_keywords_v1
Huawei City,Synthetic payment at huawei,5722,expense,5,seed_keywords_v1
Huawei Express,Synthetic huawei receipt,5732,expense,5,seed_keywords_v1
Huawei Online,Synthetic card operation huawei,5045,expense,5,seed_keywords_v1
Huawei Pay,Synthetic no mcc operation huawei,0,expense,5,seed_no_mcc_v1
Huawei Pay,Synthetic huawei purchase,5045,expense,5,seed_keywords_v1
Huawei Store,Synthetic online payment huawei,5734,expense,5,seed_keywords_v1
Mvideo City,Synthetic mvideo receipt,5734,expense,5,seed_keywords_v1
Mvideo Express,Synthetic online payment mvideo,5045,expense,5,seed_keywords_v1
Mvideo Online,Synthetic no mcc operation mvideo,0,expense,5,seed_no_mcc_v1
Mvideo Online,Synthetic mvideo purchase,5722,expense,5,seed_keywords_v1
Mvideo Pay,Synthetic payment at mvideo,5732,expense,5,seed_keywords_v1
Mvideo Store,Synthetic card operation mvideo,5722,expense,5,seed_keywords_v1
Re Store City,Synthetic card operation re store,5722,expense,5,seed_keywords_v1
Re Store Express,Synthetic no mcc operation re store,0,expense,5,seed_no_mcc_v1
Re Store Express,Synthetic re store purchase,5722,expense,5,seed_keywords_v1
Re Store Online,Synthetic re store receipt,5734,expense,5,seed_keywords_v1
Re Store Pay,Synthetic online payment re store,5045,expense,5,seed_keywords_v1
Re Store Store,Synthetic payment at re store,5732,expense,5,seed_keywords_v1
Restore City,Synthetic no mcc operation restore,0,expense,5,seed_no_mcc_v1
Restore City,Synthetic restore purchase,5045,expense,5,seed_keywords_v1
Restore Express,Synthetic payment at restore,5722,expense,5,seed_keywords_v1
Restore Online,Synthetic online payment restore,5734,expense,5,seed_keywords_v1
Restore Pay,Synthetic card operation restore,5045,expense,5,seed_keywords_v1
Restore Store,Synthetic restore receipt,5732,expense,5,seed_keywords_v1
Samsung City,Synthetic online payment samsung,5722,expense,5,seed_keywords_v1
Samsung Express,Synthetic card operation samsung,5732,expense,5,seed_keywords_v1
Samsung Online,Synthetic payment at samsung,5734,expense,5,seed_keywords_v1
Samsung Pay,Synthetic samsung receipt,5045,expense,5,seed_keywords_v1
Samsung Store,Synthetic no mcc operation samsung,0,expense,5,seed_no_mcc_v1
Samsung Store,Synthetic samsung purchase,5732,expense,5,seed_keywords_v1
Technopark City,Synthetic card operation technopark,5732,expense,5,seed_keywords_v1
Technopark Express,Synthetic no mcc operation technopark,0,expense,5,seed_no_mcc_v1
Technopark Express,Synthetic technopark purchase,5732,expense,5,seed_keywords_v1
Technopark Online,Synthetic technopark receipt,5045,expense,5,seed_keywords_v1
Technopark Pay,Synthetic online payment technopark,5722,expense,5,seed_keywords_v1
Technopark Store,Synthetic payment at technopark,5734,expense,5,seed_keywords_v1
Xiaomi City,Synthetic xiaomi receipt,5722,expense,5,seed_keywords_v1
Xiaomi Express,Synthetic online payment xiaomi,5732,expense,5,seed_keywords_v1
Xiaomi Online,Synthetic no mcc operation xiaomi,0,expense,5,seed_no_mcc_v1
Xiaomi Online,Synthetic xiaomi purchase,5734,expense,5,seed_keywords_v1
Xiaomi Pay,Synthetic payment at xiaomi,5045,expense,5,seed_keywords_v1
Xiaomi Store,Synthetic card operation xiaomi,5734,expense,5,seed_keywords_v1
Днс City,Synthetic online payment днс,5045,expense,5,seed_keywords_v1
Днс Express,Synthetic card operation днс,5722,expense,5,seed_keywords_v1
Днс Online,Synthetic payment at днс,5732,expense,5,seed_keywords_v1
Днс Pay,Synthetic днс receipt,5734,expense,5,seed_keywords_v1
Днс Store,Synthetic no mcc operation днс,0,expense,5,seed_no_mcc_v1
Днс Store,Synthetic днс purchase,5722,expense,5,seed_keywords_v1
Мвидео City,Synthetic online payment мвидео,5734,expense,5,seed_keywords_v1
Мвидео Express,Synthetic card operation мвидео,5045,expense,5,seed_keywords_v1
Мвидео Online,Synthetic payment at мвидео,5722,expense,5,seed_keywords_v1
Мвидео Pay,Synthetic мвидео receipt,5732,expense,5,seed_keywords_v1
Мвидео Store,Synthetic no mcc operation мвидео,0,expense,5,seed_no_mcc_v1
Мвидео Store,Synthetic мвидео purchase,5045,expense,5,seed_keywords_v1
Связной City,Synthetic no mcc operation связной,0,expense,5,seed_no_mcc_v1
Связной City,Synthetic связной purchase,5722,expense,5,seed_keywords_v1
Связной Express,Synthetic payment at связной,5732,expense,5,seed_keywords_v1
Связной Online,Synthetic online payment связной,5045,expense,5,seed_keywords_v1
Связной Pay,Synthetic card operation связной,5722,expense,5,seed_keywords_v1
Связной Store,Synthetic связной receipt,5734,expense,5,seed_keywords_v1
Ситилинк City,Synthetic payment at ситилинк,5045,expense,5,seed_keywords_v1
Ситилинк Express,Synthetic ситилинк receipt,5722,expense,5,seed_keywords_v1
Ситилинк Online,Synthetic card operation ситилинк,5734,expense,5,seed_keywords_v1
Ситилинк Pay,Synthetic no mcc operation ситилинк,0,expense,5,seed_no_mcc_v1
Ситилинк Pay,Synthetic ситилинк purchase,5734,expense,5,seed_keywords_v1
Ситилинк Store,Synthetic online payment ситилинк,5732,expense,5,seed_keywords_v1
Техника City,Synthetic online payment техника,5732,expense,5,seed_keywords_v1
Техника Express,Synthetic card operation техника,5734,expense,5,seed_keywords_v1
Техника Online,Synthetic payment at техника,5045,expense,5,seed_keywords_v1
Техника Pay,Synthetic техника receipt,5722,expense,5,seed_keywords_v1
Техника Store,Synthetic no mcc operation техника,0,expense,5,seed_no_mcc_v1
Техника Store,Synthetic техника purchase,5734,expense,5,seed_keywords_v1
Эльдорадо City,Synthetic payment at эльдорадо,5734,expense,5,seed_keywords_v1
Эльдорадо Express,Synthetic эльдорадо receipt,5045,expense,5,seed_keywords_v1
Эльдорадо Online,Synthetic card operation эльдорадо,5732,expense,5,seed_keywords_v1
Эльдорадо Pay,Synthetic no mcc operation эльдорадо,0,expense,5,seed_no_mcc_v1
Эльдорадо Pay,Synthetic эльдорадо purchase,5732,expense,5,seed_keywords_v1
Эльдорадо Store,Synthetic online payment эльдорадо,5722,expense,5,seed_keywords_v1
Castorama City,Synthetic card operation castorama,5261,expense,6,seed_keywords_v1
Castorama Express,Synthetic no mcc operation castorama,0,expense,6,seed_no_mcc_v1
Castorama Express,Synthetic castorama purchase,5713,expense,6,seed_keywords_v1
Castorama Online,Synthetic castorama receipt,5231,expense,6,seed_keywords_v1
Castorama Pay,Synthetic online payment castorama,5251,expense,6,seed_keywords_v1
Castorama Store,Synthetic payment at castorama,5211,expense,6,seed_keywords_v1
Leroy Merlin City,Synthetic leroy merlin receipt,5261,expense,6,seed_keywords_v1
Leroy Merlin Express,Synthetic online payment leroy merlin,5713,expense,6,seed_keywords_v1
Leroy Merlin Online,Synthetic no mcc operation leroy merlin,0,expense,6,seed_no_mcc_v1
Leroy Merlin Online,Synthetic leroy merlin purchase,5231,expense,6,seed_keywords_v1
Leroy Merlin Pay,Synthetic payment at leroy merlin,5251,expense,6,seed_keywords_v1
Leroy Merlin Store,Synthetic card operation leroy merlin,5211,expense,6,seed_keywords_v1
Maxidom City,Synthetic no mcc operation maxidom,0,expense,6,seed_no_mcc_v1
Maxidom City,Synthetic maxidom purchase,5261,expense,6,seed_keywords_v1
Maxidom Express,Synthetic payment at maxidom,5713,expense,6,seed_keywords_v1
Maxidom Online,Synthetic online payment maxidom,5231,expense,6,seed_keywords_v1
Maxidom Pay,Synthetic card operation maxidom,5251,expense,6,seed_keywords_v1
Maxidom Store,Synthetic maxidom receipt,5211,expense,6,seed_keywords_v1
Obi City,Synthetic payment at obi,5261,expense,6,seed_keywords_v1
Obi Express,Synthetic obi receipt,5713,expense,6,seed_keywords_v1
Obi Online,Synthetic card operation obi,5231,expense,6,seed_keywords_v1
Obi Pay,Synthetic no mcc operation obi,0,expense,6,seed_no_mcc_v1
Obi Pay,Synthetic obi purchase,5251,expense,6,seed_keywords_v1
Obi Store,Synthetic online payment obi,5211,expense,6,seed_keywords_v1
Petrovich City,Synthetic petrovich receipt,5261,expense,6,seed_keywords_v1
Petrovich Express,Synthetic online payment petrovich,5713,expense,6,seed_keywords_v1
Petrovich Online,Synthetic no mcc operation petrovich,0,expense,6,seed_no_mcc_v1
Petrovich Online,Synthetic petrovich purchase,5231,expense,6,seed_keywords_v1
Petrovich Pay,Synthetic payment at petrovich,5251,expense,6,seed_keywords_v1
Petrovich Store,Synthetic card operation petrovich,5211,expense,6,seed_keywords_v1
Stroy City,Synthetic stroy receipt,5261,expense,6,seed_keywords_v1
Stroy Express,Synthetic online payment stroy,5713,expense,6,seed_keywords_v1
Stroy Online,Synthetic no mcc operation stroy,0,expense,6,seed_no_mcc_v1
Stroy Online,Synthetic stroy purchase,5231,expense,6,seed_keywords_v1
Stroy Pay,Synthetic payment at stroy,5251,expense,6,seed_keywords_v1
Stroy Store,Synthetic card operation stroy,5211,expense,6,seed_keywords_v1
Инструменты City,Synthetic card operation инструменты,5261,expense,6,seed_keywords_v1
Инструменты Express,Synthetic no mcc operation инструменты,0,expense,6,seed_no_mcc_v1
Инструменты Express,Synthetic инструменты purchase,5713,expense,6,seed_keywords_v1
Инструменты Online,Synthetic инструменты receipt,5231,expense,6,seed_keywords_v1
Инструменты Pay,Synthetic online payment инструменты,5251,expense,6,seed_keywords_v1
Инструменты Store,Synthetic payment at инструменты,5211,expense,6,seed_keywords_v1
Касторама City,Synthetic online payment касторама,5261,expense,6,seed_keywords_v1
Касторама Express,Synthetic card operation касторама,5713,expense,6,seed_keywords_v1
Касторама Online,Synthetic payment at касторама,5231,expense,6,seed_keywords_v1
Касторама Pay,Synthetic касторама receipt,5251,expense,6,seed_keywords_v1
Касторама Store,Synthetic no mcc operation касторама,0,expense,6,seed_no_mcc_v1
Касторама Store,Synthetic касторама purchase,5211,expense,6,seed_keywords_v1
Леруа City,Synthetic online payment леруа,5261,expense,6,seed_keywords_v1
Леруа Express,Synthetic card operation леруа,5713,expense,6,seed_keywords_v1
Леруа Online,Synthetic payment at леруа,5231,expense,6,seed_keywords_v1
Леруа Pay,Synthetic леруа receipt,5251,expense,6,seed_keywords_v1
Леруа Store,Synthetic no mcc operation леруа,0,expense,6,seed_no_mcc_v1
Леруа Store,Synthetic леруа purchase,5211,expense,6,seed_keywords_v1
Максидом City,Synthetic card operation максидом,5261,expense,6,seed_keywords_v1
Максидом Express,Synthetic no mcc operation максидом,0,expense,6,seed_no_mcc_v1
Максидом Express,Synthetic максидом purchase,5713,expense,6,seed_keywords_v1
Максидом Online,Synthetic максидом receipt,5231,expense,6,seed_keywords_v1
Максидом Pay,Synthetic online payment максидом,5251,expense,6,seed_keywords_v1
Максидом Store,Synthetic payment at максидом,5211,expense,6,seed_keywords_v1
Оби City,Synthetic no mcc operation оби,0,expense,6,seed_no_mcc_v1
Оби City,Synthetic оби purchase,5261,expense,6,seed_keywords_v1
Оби Express,Synthetic payment at оби,5713,expense,6,seed_keywords_v1
Оби Online,Synthetic online payment оби,5231,expense,6,seed_keywords_v1
Оби Pay,Synthetic card operation оби,5251,expense,6,seed_keywords_v1
Оби Store,Synthetic оби receipt,5211,expense,6,seed_keywords_v1
Петрович City,Synthetic payment at петрович,5261,expense,6,seed_keywords_v1
Петрович Express,Synthetic петрович receipt,5713,expense,6,seed_keywords_v1
Петрович Online,Synthetic card operation петрович,5231,expense,6,seed_keywords_v1
Петрович Pay,Synthetic no mcc operation петрович,0,expense,6,seed_no_mcc_v1
Петрович Pay,Synthetic петрович purchase,5251,expense,6,seed_keywords_v1
Петрович Store,Synthetic online payment петрович,5211,expense,6,seed_keywords_v1
Ремонт City,Synthetic payment at ремонт,5261,expense,6,seed_keywords_v1
Ремонт Express,Synthetic ремонт receipt,5713,expense,6,seed_keywords_v1
Ремонт Online,Synthetic card operation ремонт,5231,expense,6,seed_keywords_v1
Ремонт Pay,Synthetic no mcc operation ремонт,0,expense,6,seed_no_mcc_v1
Ремонт Pay,Synthetic ремонт purchase,5251,expense,6,seed_keywords_v1
Ремонт Store,Synthetic online payment ремонт,5211,expense,6,seed_keywords_v1
Строительство City,Synthetic no mcc operation строительство,0,expense,6,seed_no_mcc_v1
Строительство City,Synthetic строительство purchase,5261,expense,6,seed_keywords_v1
Строительство Express,Synthetic payment at строительство,5713,expense,6,seed_keywords_v1
Строительство Online,Synthetic online payment строительство,5231,expense,6,seed_keywords_v1
Строительство Pay,Synthetic card operation строительство,5251,expense,6,seed_keywords_v1
Строительство Store,Synthetic строительство receipt,5211,expense,6,seed_keywords_v1
Строй City,Synthetic online payment строй,5261,expense,6,seed_keywords_v1
Строй Express,Synthetic card operation строй,5713,expense,6,seed_keywords_v1
Строй Online,Synthetic payment at строй,5231,expense,6,seed_keywords_v1
Строй Pay,Synthetic строй receipt,5251,expense,6,seed_keywords_v1
Строй Store,Synthetic no mcc operation строй,0,expense,6,seed_no_mcc_v1
Строй Store,Synthetic строй purchase,5211,expense,6,seed_keywords_v1
Domovoy City,Synthetic domovoy receipt,5200,expense,7,seed_keywords_v1
Domovoy Express,Synthetic online payment domovoy,5712,expense,7,seed_keywords_v1
Domovoy Online,Synthetic no mcc operation domovoy,0,expense,7,seed_no_mcc_v1
Domovoy Online,Synthetic domovoy purchase,5714,expense,7,seed_keywords_v1
Domovoy Pay,Synthetic payment at domovoy,5719,expense,7,seed_keywords_v1
Domovoy Store,Synthetic card operation domovoy,5714,expense,7,seed_keywords_v1
Fix Price City,Synthetic online payment fix price,5719,expense,7,seed_keywords_v1
Fix Price Express,Synthetic card operation fix price,5200,expense,7,seed_keywords_v1
Fix Price Online,Synthetic payment at fix price,5712,expense,7,seed_keywords_v1
Fix Price Pay,Synthetic fix price receipt,5714,expense,7,seed_keywords_v1
Fix Price Store,Synthetic no mcc operation fix price,0,expense,7,seed_no_mcc_v1
Fix Price Store,Synthetic fix price purchase,5200,expense,7,seed_keywords_v1
Galamart City,Synthetic payment at galamart,5719,expense,7,seed_keywords_v1
Galamart Express,Synthetic galamart receipt,5200,expense,7,seed_keywords_v1
Galamart Online,Synthetic card operation galamart,5714,expense,7,seed_keywords_v1
Galamart Pay,Synthetic no mcc operation galamart,0,expense,7,seed_no_mcc_v1
Galamart Pay,Synthetic galamart purchase,5714,expense,7,seed_keywords_v1
Galamart Store,Synthetic online payment galamart,5712,expense,7,seed_keywords_v1
Hoff City,Synthetic no mcc operation hoff,0,expense,7,seed_no_mcc_v1
Hoff City,Synthetic hoff purchase,5200,expense,7,seed_keywords_v1
Hoff Express,Synthetic payment at hoff,5712,expense,7,seed_keywords_v1
Hoff Online,Synthetic online payment hoff,5719,expense,7,seed_keywords_v1
Hoff Pay,Synthetic card operation hoff,5200,expense,7,seed_keywords_v1
Hoff Store,Synthetic hoff receipt,5714,expense,7,seed_keywords_v1
Ikea City,Synthetic online payment ikea,5712,expense,7,seed_keywords_v1
Ikea Express,Synthetic card operation ikea,5714,expense,7,seed_keywords_v1
Ikea Online,Synthetic payment at ikea,5719,expense,7,seed_keywords_v1
Ikea Pay,Synthetic ikea receipt,5200,expense,7,seed_keywords_v1
Ikea Store,Synthetic no mcc operation ikea,0,expense,7,seed_no_mcc_v1
Ikea Store,Synthetic ikea purchase,5714,expense,7,seed_keywords_v1
Kuchenland City,Synthetic payment at kuchenland,5712,expense,7,seed_keywords_v1
Kuchenland Express,Synthetic kuchenland receipt,5714,expense,7,seed_keywords_v1
Kuchenland Online,Synthetic card operation kuchenland,5200,expense,7,seed_keywords_v1
Kuchenland Pay,Synthetic no mcc operation kuchenland,0,expense,7,seed_no_mcc_v1
Kuchenland Pay,Synthetic kuchenland purchase,5200,expense,7,seed_keywords_v1
Kuchenland Store,Synthetic online payment kuchenland,5719,expense,7,seed_keywords_v1
Posuda City,Synthetic online payment posuda,5200,expense,7,seed_keywords_v1
Posuda Express,Synthetic card operation posuda,5712,expense,7,seed_keywords_v1
Posuda Online,Synthetic payment at posuda,5714,expense,7,seed_keywords_v1
Posuda Pay,Synthetic posuda receipt,5719,expense,7,seed_keywords_v1
Posuda Store,Synthetic no mcc operation posuda,0,expense,7,seed_no_mcc_v1
Posuda Store,Synthetic posuda purchase,5712,expense,7,seed_keywords_v1
Togas City,Synthetic togas receipt,5712,expense,7,seed_keywords_v1
Togas Express,Synthetic online payment togas,5714,expense,7,seed_keywords_v1
Togas Online,Synthetic no mcc operation togas,0,expense,7,seed_no_mcc_v1
Togas Online,Synthetic togas purchase,5719,expense,7,seed_keywords_v1
Togas Pay,Synthetic payment at togas,5200,expense,7,seed_keywords_v1
Togas Store,Synthetic card operation togas,5719,expense,7,seed_keywords_v1
Гала Март City,Synthetic no mcc operation гала март,0,expense,7,seed_no_mcc_v1
Гала Март City,Synthetic гала март purchase,5719,expense,7,seed_keywords_v1
Гала Март Express,Synthetic payment at гала март,5200,expense,7,seed_keywords_v1
Гала Март Online,Synthetic online payment гала март,5714,expense,7,seed_keywords_v1
Гала Март Pay,Synthetic card operation гала март,5719,expense,7,seed_keywords_v1
Гала Март Store,Synthetic гала март receipt,5712,expense,7,seed_keywords_v1
Домовой City,Synthetic payment at домовой,5200,expense,7,seed_keywords_v1
Домовой Express,Synthetic домовой receipt,5712,expense,7,seed_keywords_v1
Домовой Online,Synthetic card operation домовой,5719,expense,7,seed_keywords_v1
Домовой Pay,Synthetic no mcc operation домовой,0,expense,7,seed_no_mcc_v1
Домовой Pay,Synthetic домовой purchase,5719,expense,7,seed_keywords_v1
Домовой Store,Synthetic online payment домовой,5714,expense,7,seed_keywords_v1
Икеа City,Synthetic card operation икеа,5712,expense,7,seed_keywords_v1
Икеа Express,Synthetic no mcc operation икеа,0,expense,7,seed_no_mcc_v1
Икеа Express,Synthetic икеа purchase,5712,expense,7,seed_keywords_v1
Икеа Online,Synthetic икеа receipt,5719,expense,7,seed_keywords_v1
Икеа Pay,Synthetic online payment икеа,5200,expense,7,seed_keywords_v1
Икеа Store,Synthetic payment at икеа,5714,expense,7,seed_keywords_v1
Посуда City,Synthetic card operation посуда,5200,expense,7,seed_keywords_v1
Посуда Express,Synthetic no mcc operation посуда,0,expense,7,seed_no_mcc_v1
Посуда Express,Synthetic посуда purchase,5200,expense,7,seed_keywords_v1
Посуда Online,Synthetic посуда receipt,5714,expense,7,seed_keywords_v1
Посуда Pay,Synthetic online payment посуда,5719,expense,7,seed_keywords_v1
Посуда Store,Synthetic payment at посуда,5712,expense,7,seed_keywords_v1
Товары Для Дома City,Synthetic no mcc operation товары для дома,0,expense,7,seed_no_mcc_v1
Товары Для Дома City,Synthetic товары для дома purchase,5712,expense,7,seed_keywords_v1
Товары Для Дома Express,Synthetic payment at товары для дома,5714,expense,7,seed_keywords_v1
Товары Для Дома Online,Synthetic online payment товары для дома,5200,expense,7,seed_keywords_v1
Товары Для Дома Pay,Synthetic card operation товары для дома,5712,expense,7,seed_keywords_v1
Товары Для Дома Store,Synthetic товары для дома receipt,5719,expense,7,seed_keywords_v1
Фикс Прайс City,Synthetic фикс прайс receipt,5719,expense,7,seed_keywords_v1
Фикс Прайс Express,Synthetic online payment фикс прайс,5200,expense,7,seed_keywords_v1
Фикс Прайс Online,Synthetic no mcc operation фикс прайс,0,expense,7,seed_no_mcc_v1
Фикс Прайс Online,Synthetic фикс прайс purchase,5712,expense,7,seed_keywords_v1
Фикс Прайс Pay,Synthetic payment at фикс прайс,5714,expense,7,seed_keywords_v1
Фикс Прайс Store,Synthetic card operation фикс прайс,5712,expense,7,seed_keywords_v1
Barbershop City,Synthetic payment at barbershop,7230,expense,8,seed_keywords_v1
Barbershop Express,Synthetic barbershop receipt,7298,expense,8,seed_keywords_v1
Barbershop Online,Synthetic card operation barbershop,7230,expense,8,seed_keywords_v1
Barbershop Pay,Synthetic no mcc operation barbershop,0,expense,8,seed_no_mcc_v1
Barbershop Pay,Synthetic barbershop purchase,5977,expense,8,seed_keywords_v1
Barbershop Store,Synthetic online payment barbershop,5977,expense,8,seed_keywords_v1
Gold Apple City,Synthetic online payment gold apple,7298,expense,8,seed_keywords_v1
Gold Apple Express,Synthetic card operation gold apple,5977,expense,8,seed_keywords_v1
Gold Apple Online,Synthetic payment at gold apple,5977,expense,8,seed_keywords_v1
Gold Apple Pay,Synthetic gold apple receipt,7230,expense,8,seed_keywords_v1
Gold Apple Store,Synthetic no mcc operation gold apple,0,expense,8,seed_no_mcc_v1
Gold Apple Store,Synthetic gold apple purchase,7298,expense,8,seed_keywords_v1
Ile De Beaute City,Synthetic payment at ile de beaute,7298,expense,8,seed_keywords_v1
Ile De Beaute Express,Synthetic ile de beaute receipt,5977,expense,8,seed_keywords_v1
Ile De Beaute Online,Synthetic card operation ile de beaute,7298,expense,8,seed_keywords_v1
Ile De Beaute Pay,Synthetic no mcc operation ile de beaute,0,expense,8,seed_no_mcc_v1
Ile De Beaute Pay,Synthetic ile de beaute purchase,7230,expense,8,seed_keywords_v1
Ile De Beaute Store,Synthetic online payment ile de beaute,7230,expense,8,seed_keywords_v1
Kosmetika City,Synthetic card operation kosmetika,7230,expense,8,seed_keywords_v1
Kosmetika Express,Synthetic no mcc operation kosmetika,0,expense,8,seed_no_mcc_v1
Kosmetika Express,Synthetic kosmetika purchase,5977,expense,8,seed_keywords_v1
Kosmetika Online,Synthetic kosmetika receipt,7298,expense,8,seed_keywords_v1
Kosmetika Pay,Synthetic online payment kosmetika,5977,expense,8,seed_keywords_v1
Kosmetika Store,Synthetic payment at kosmetika,7230,expense,8,seed_keywords_v1
Letu City,Synthetic online payment letu,5977,expense,8,seed_keywords_v1
Letu Express,Synthetic card operation letu,7230,expense,8,seed_keywords_v1
Letu Online,Synthetic payment at letu,7230,expense,8,seed_keywords_v1
Letu Pay,Synthetic letu receipt,7298,expense,8,seed_keywords_v1
Letu Store,Synthetic no mcc operation letu,0,expense,8,seed_no_mcc_v1
Letu Store,Synthetic letu purchase,5977,expense,8,seed_keywords_v1
Manicure City,Synthetic card operation manicure,5977,expense,8,seed_keywords_v1
Manicure Express,Synthetic no mcc operation manicure,0,expense,8,seed_no_mcc_v1
Manicure Express,Synthetic manicure purchase,7298,expense,8,seed_keywords_v1
Manicure Online,Synthetic manicure receipt,7230,expense,8,seed_keywords_v1
Manicure Pay,Synthetic online payment manicure,7298,expense,8,seed_keywords_v1
Manicure Store,Synthetic payment at manicure,5977,expense,8,seed_keywords_v1
Rive Gauche City,Synthetic payment at rive gauche,5977,expense,8,seed_keywords_v1
Rive Gauche Express,Synthetic rive gauche receipt,7230,expense,8,seed_keywords_v1
Rive Gauche Online,Synthetic card operation rive gauche,5977,expense,8,seed_keywords_v1
Rive Gauche Pay,Synthetic no mcc operation rive gauche,0,expense,8,seed_no_mcc_v1
Rive Gauche Pay,Synthetic rive gauche purchase,7298,expense,8,seed_keywords_v1
Rive Gauche Store,Synthetic online payment rive gauche,7298,expense,8,seed_keywords_v1
Salon City,Synthetic salon receipt,7230,expense,8,seed_keywords_v1
Salon Express,Synthetic online payment salon,7298,expense,8,seed_keywords_v1
Salon Online,Synthetic no mcc operation salon,0,expense,8,seed_no_mcc_v1
Salon Online,Synthetic salon purchase,7298,expense,8,seed_keywords_v1
Salon Pay,Synthetic payment at salon,5977,expense,8,seed_keywords_v1
Salon Store,Synthetic card operation salon,5977,expense,8,seed_keywords_v1
Sephora City,Synthetic sephora receipt,7298,expense,8,seed_keywords_v1
Sephora Express,Synthetic online payment sephora,5977,expense,8,seed_keywords_v1
Sephora Online,Synthetic no mcc operation sephora,0,expense,8,seed_no_mcc_v1
Sephora Online,Synthetic sephora purchase,5977,expense,8,seed_keywords_v1
Sephora Pay,Synthetic payment at sephora,7230,expense,8,seed_keywords_v1
Sephora Store,Synthetic card operation sephora,7230,expense,8,seed_keywords_v1
Золотое Яблоко City,Synthetic card operation золотое яблоко,7298,expense,8,seed_keywords_v1
Золотое Яблоко Express,Synthetic no mcc operation золотое яблоко,0,expense,8,seed_no_mcc_v1
Золотое Яблоко Express,Synthetic золотое яблоко purchase,7230,expense,8,seed_keywords_v1
Золотое Яблоко Online,Synthetic золотое яблоко receipt,5977,expense,8,seed_keywords_v1
Золотое Яблоко Pay,Synthetic online payment золотое яблоко,7230,expense,8,seed_keywords_v1
Золотое Яблоко Store,Synthetic payment at золотое яблоко,7298,expense,8,seed_keywords_v1
Косметика City,Synthetic no mcc operation косметика,0,expense,8,seed_no_mcc_v1
Косметика City,Synthetic косметика purchase,7298,expense,8,seed_keywords_v1
Косметика Express,Synthetic payment at косметика,5977,expense,8,seed_keywords_v1
Косметика Online,Synthetic online payment косметика,7298,expense,8,seed_keywords_v1
Косметика Pay,Synthetic card operation косметика,5977,expense,8,seed_keywords_v1
Косметика Store,Synthetic косметика receipt,7230,expense,8,seed_keywords_v1
Летуаль City,Synthetic летуаль receipt,5977,expense,8,seed_keywords_v1
Летуаль Express,Synthetic online payment летуаль,7230,expense,8,seed_keywords_v1
Летуаль Online,Synthetic no mcc operation летуаль,0,expense,8,seed_no_mcc_v1
Летуаль Online,Synthetic летуаль purchase,7230,expense,8,seed_keywords_v1
Летуаль Pay,Synthetic payment at летуаль,7298,expense,8,seed_keywords_v1
Летуаль Store,Synthetic card operation летуаль,7298,expense,8,seed_keywords_v1
Маникюр City,Synthetic no mcc operation маникюр,0,expense,8,seed_no_mcc_v1
Маникюр City,Synthetic маникюр purchase,7230,expense,8,seed_keywords_v1
Маникюр Express,Synthetic payment at маникюр,7298,expense,8,seed_keywords_v1
Маникюр Online,Synthetic online payment маникюр,7230,expense,8,seed_keywords_v1
Маникюр Pay,Synthetic card operation маникюр,7298,expense,8,seed_keywords_v1
Маникюр Store,Synthetic маникюр receipt,5977,expense,8,seed_keywords_v1
Рив Гош City,Synthetic no mcc operation рив гош,0,expense,8,seed_no_mcc_v1
Рив Гош City,Synthetic рив гош purchase,5977,expense,8,seed_keywords_v1
Рив Гош Express,Synthetic payment at рив гош,7230,expense,8,seed_keywords_v1
Рив Гош Online,Synthetic online payment рив гош,5977,expense,8,seed_keywords_v1
Рив Гош Pay,Synthetic card operation рив гош,7230,expense,8,seed_keywords_v1
Рив Гош Store,Synthetic рив гош receipt,7298,expense,8,seed_keywords_v1
Салон City,Synthetic online payment салон,7230,expense,8,seed_keywords_v1
Салон Express,Synthetic card operation салон,7298,expense,8,seed_keywords_v1
Салон Online,Synthetic payment at салон,7298,expense,8,seed_keywords_v1
Салон Pay,Synthetic салон receipt,5977,expense,8,seed_keywords_v1
Салон Store,Synthetic no mcc operation салон,0,expense,8,seed_no_mcc_v1
Салон Store,Synthetic салон purchase,7230,expense,8,seed_keywords_v1
4 Лапы City,Synthetic online payment 4 лапы,5995,expense,9,seed_keywords_v1
4 Лапы Express,Synthetic card operation 4 лапы,742,expense,9,seed_keywords_v1
4 Лапы Online,Synthetic payment at 4 лапы,5995,expense,9,seed_keywords_v1
4 Лапы Pay,Synthetic 4 лапы receipt,742,expense,9,seed_keywords_v1
4 Лапы Store,Synthetic no mcc operation 4 лапы,0,expense,9,seed_no_mcc_v1
4 Лапы Store,Synthetic 4 лапы purchase,742,expense,9,seed_keywords_v1
4Lapy City,Synthetic 4lapy receipt,5995,expense,9,seed_keywords_v1
4Lapy Express,Synthetic online payment 4lapy,742,expense,9,seed_keywords_v1
4Lapy Online,Synthetic no mcc operation 4lapy,0,expense,9,seed_no_mcc_v1
4Lapy Online,Synthetic 4lapy purchase,5995,expense,9,seed_keywords_v1
4Lapy Pay,Synthetic payment at 4lapy,742,expense,9,seed_keywords_v1
4Lapy Store,Synthetic card operation 4lapy,5995,expense,9,seed_keywords_v1
Bethoven City,Synthetic payment at bethoven,5995,expense,9,seed_keywords_v1
Bethoven Express,Synthetic bethoven receipt,742,expense,9,seed_keywords_v1
Bethoven Online,Synthetic card operation bethoven,742,expense,9,seed_keywords_v1
Bethoven Pay,Synthetic no mcc operation bethoven,0,expense,9,seed_no_mcc_v1
Bethoven Pay,Synthetic bethoven purchase,742,expense,9,seed_keywords_v1
Bethoven Store,Synthetic online payment bethoven,5995,expense,9,seed_keywords_v1
Le Murr City,Synthetic payment at le murr,742,expense,9,seed_keywords_v1
Le Murr Express,Synthetic le murr receipt,5995,expense,9,seed_keywords_v1
Le Murr Online,Synthetic card operation le murr,5995,expense,9,seed_keywords_v1
Le Murr Pay,Synthetic no mcc operation le murr,0,expense,9,seed_no_mcc_v1
Le Murr Pay,Synthetic le murr purchase,5995,expense,9,seed_keywords_v1
Le Murr Store,Synthetic online payment le murr,742,expense,9,seed_keywords_v1
Petshop City,Synthetic card operation petshop,742,expense,9,seed_keywords_v1
Petshop Express,Synthetic no mcc operation petshop,0,expense,9,seed_no_mcc_v1
Petshop Express,Synthetic petshop purchase,742,expense,9,seed_keywords_v1
Petshop Online,Synthetic petshop receipt,742,expense,9,seed_keywords_v1
Petshop Pay,Synthetic online payment petshop,5995,expense,9,seed_keywords_v1
Petshop Store,Synthetic payment at petshop,5995,expense,9,seed_keywords_v1
Zoo City,Synthetic zoo receipt,742,expense,9,seed_keywords_v1
Zoo Express,Synthetic online payment zoo,5995,expense,9,seed_keywords_v1
Zoo Online,Synthetic no mcc operation zoo,0,expense,9,seed_no_mcc_v1
Zoo Online,Synthetic zoo purchase,742,expense,9,seed_keywords_v1
Zoo Pay,Synthetic payment at zoo,5995,expense,9,seed_keywords_v1
Zoo Store,Synthetic card operation zoo,742,expense,9,seed_keywords_v1
Бетховен City,Synthetic no mcc operation бетховен,0,expense,9,seed_no_mcc_v1
Бетховен City,Synthetic бетховен purchase,5995,expense,9,seed_keywords_v1
Бетховен Express,Synthetic payment at бетховен,742,expense,9,seed_keywords_v1
Бетховен Online,Synthetic online payment бетховен,742,expense,9,seed_keywords_v1
Бетховен Pay,Synthetic card operation бетховен,5995,expense,9,seed_keywords_v1
Бетховен Store,Synthetic бетховен receipt,5995,expense,9,seed_keywords_v1
Ветклиника City,Synthetic ветклиника receipt,5995,expense,9,seed_keywords_v1
Ветклиника Express,Synthetic online payment ветклиника,742,expense,9,seed_keywords_v1
Ветклиника Online,Synthetic no mcc operation ветклиника,0,expense,9,seed_no_mcc_v1
Ветклиника Online,Synthetic ветклиника purchase,5995,expense,9,seed_keywords_v1
Ветклиника Pay,Synthetic payment at ветклиника,742,expense,9,seed_keywords_v1
Ветклиника Store,Synthetic card operation ветклиника,5995,expense,9,seed_keywords_v1
Заповедник City,Synthetic card operation заповедник,5995,expense,9,seed_keywords_v1
Заповедник Express,Synthetic no mcc operation заповедник,0,expense,9,seed_no_mcc_v1
Заповедник Express,Synthetic заповедник purchase,5995,expense,9,seed_keywords_v1
Заповедник Online,Synthetic заповедник receipt,5995,expense,9,seed_keywords_v1
Заповедник Pay,Synthetic online payment заповедник,742,expense,9,seed_keywords_v1
Заповедник Store,Synthetic payment at заповедник,742,expense,9,seed_keywords_v1
Зоомагазин City,Synthetic online payment зоомагазин,742,expense,9,seed_keywords_v1
Зоомагазин Express,Synthetic card operation зоомагазин,5995,expense,9,seed_keywords_v1
Зоомагазин Online,Synthetic payment at зоомагазин,742,expense,9,seed_keywords_v1
Зоомагазин Pay,Synthetic зоомагазин receipt,5995,expense,9,seed_keywords_v1
Зоомагазин Store,Synthetic no mcc operation зоомагазин,0,expense,9,seed_no_mcc_v1
Зоомагазин Store,Synthetic зоомагазин purchase,5995,expense,9,seed_keywords_v1
Корм City,Synthetic online payment корм,5995,expense,9,seed_keywords_v1
Корм Express,Synthetic card operation корм,742,expense,9,seed_keywords_v1
Корм Online,Synthetic payment at корм,5995,expense,9,seed_keywords_v1
Корм Pay,Synthetic корм receipt,742,expense,9,seed_keywords_v1
Корм Store,Synthetic no mcc operation корм,0,expense,9,seed_no_mcc_v1
Корм Store,Synthetic корм purchase,742,expense,9,seed_keywords_v1
Лемурр City,Synthetic no mcc operation лемурр,0,expense,9,seed_no_mcc_v1
Лемурр City,Synthetic лемурр purchase,742,expense,9,seed_keywords_v1
Лемурр Express,Synthetic payment at лемурр,5995,expense,9,seed_keywords_v1
Лемурр Online,Synthetic online payment лемурр,5995,expense,9,seed_keywords_v1
Лемурр Pay,Synthetic card operation лемурр,742,expense,9,seed_keywords_v1
Лемурр Store,Synthetic лемурр receipt,742,expense,9,seed_keywords_v1
Books City,Synthetic books receipt,5942,expense,10,seed_keywords_v1
Books Express,Synthetic online payment books,5943,expense,10,seed_keywords_v1
Books Online,Synthetic no mcc operation books,0,expense,10,seed_no_mcc_v1
Books Online,Synthetic books purchase,5943,expense,10,seed_keywords_v1
Books Pay,Synthetic payment at books,5192,expense,10,seed_keywords_v1
Books Store,Synthetic card operation books,5192,expense,10,seed_keywords_v1
Bookvoed City,Synthetic card operation bookvoed,5943,expense,10,seed_keywords_v1
Bookvoed Express,Synthetic no mcc operation bookvoed,0,expense,10,seed_no_mcc_v1
Bookvoed Express,Synthetic bookvoed purchase,5942,expense,10,seed_keywords_v1
Bookvoed Online,Synthetic bookvoed receipt,5192,expense,10,seed_keywords_v1
Bookvoed Pay,Synthetic online payment bookvoed,5942,expense,10,seed_keywords_v1
Bookvoed Store,Synthetic payment at bookvoed,5943,expense,10,seed_keywords_v1
Chitai Gorod City,Synthetic chitai gorod receipt,5192,expense,10,seed_keywords_v1
Chitai Gorod Express,Synthetic online payment chitai gorod,5942,expense,10,seed_keywords_v1
Chitai Gorod Online,Synthetic no mcc operation chitai gorod,0,expense,10,seed_no_mcc_v1
Chitai Gorod Online,Synthetic chitai gorod purchase,5942,expense,10,seed_keywords_v1
Chitai Gorod Pay,Synthetic payment at chitai gorod,5943,expense,10,seed_keywords_v1
Chitai Gorod Store,Synthetic card operation chitai gorod,5943,expense,10,seed_keywords_v1
Labirint City,Synthetic payment at labirint,5192,expense,10,seed_keywords_v1
Labirint Express,Synthetic labirint receipt,5942,expense,10,seed_keywords_v1
Labirint Online,Synthetic card operation labirint,5192,expense,10,seed_keywords_v1
Labirint Pay,Synthetic no mcc operation labirint,0,expense,10,seed_no_mcc_v1
Labirint Pay,Synthetic labirint purchase,5943,expense,10,seed_keywords_v1
Labirint Store,Synthetic online payment labirint,5943,expense,10,seed_keywords_v1
Litres City,Synthetic litres receipt,5943,expense,10,seed_keywords_v1
Litres Express,Synthetic online payment litres,5192,expense,10,seed_keywords_v1
Litres Online,Synthetic no mcc operation litres,0,expense,10,seed_no_mcc_v1
Litres Online,Synthetic litres purchase,5192,expense,10,seed_keywords_v1
Litres Pay,Synthetic payment at litres,5942,expense,10,seed_keywords_v1
Litres Store,Synthetic card operation litres,5942,expense,10,seed_keywords_v1
Respublica City,Synthetic no mcc operation respublica,0,expense,10,seed_no_mcc_v1
Respublica City,Synthetic respublica purchase,5943,expense,10,seed_keywords_v1
Respublica Express,Synthetic payment at respublica,5192,expense,10,seed_keywords_v1
Respublica Online,Synthetic online payment respublica,5943,expense,10,seed_keywords_v1
Respublica Pay,Synthetic card operation respublica,5192,expense,10,seed_keywords_v1
Respublica Store,Synthetic respublica receipt,5942,expense,10,seed_keywords_v1
Stationery City,Synthetic no mcc operation stationery,0,expense,10,seed_no_mcc_v1
Stationery City,Synthetic stationery purchase,5942,expense,10,seed_keywords_v1
Stationery Express,Synthetic payment at stationery,5943,expense,10,seed_keywords_v1
Stationery Online,Synthetic online payment stationery,5942,expense,10,seed_keywords_v1
Stationery Pay,Synthetic card operation stationery,5943,expense,10,seed_keywords_v1
Stationery Store,Synthetic stationery receipt,5192,expense,10,seed_keywords_v1
Буквоед City,Synthetic online payment буквоед,5943,expense,10,seed_keywords_v1
Буквоед Express,Synthetic card operation буквоед,5192,expense,10,seed_keywords_v1
Буквоед Online,Synthetic payment at буквоед,5192,expense,10,seed_keywords_v1
Буквоед Pay,Synthetic буквоед receipt,5942,expense,10,seed_keywords_v1
Буквоед Store,Synthetic no mcc operation буквоед,0,expense,10,seed_no_mcc_v1
Буквоед Store,Synthetic буквоед purchase,5943,expense,10,seed_keywords_v1
Канцтовары City,Synthetic payment at канцтовары,5942,expense,10,seed_keywords_v1
Канцтовары Express,Synthetic канцтовары receipt,5943,expense,10,seed_keywords_v1
Канцтовары Online,Synthetic card operation канцтовары,5942,expense,10,seed_keywords_v1
Канцтовары Pay,Synthetic no mcc operation канцтовары,0,expense,10,seed_no_mcc_v1
Канцтовары Pay,Synthetic канцтовары purchase,5192,expense,10,seed_keywords_v1
Канцтовары Store,Synthetic online payment канцтовары,5192,expense,10,seed_keywords_v1
Книга City,Synthetic online payment книга,5942,expense,10,seed_keywords_v1
Книга Express,Synthetic card operation книга,5943,expense,10,seed_keywords_v1
Книга Online,Synthetic payment at книга,5943,expense,10,seed_keywords_v1
Книга Pay,Synthetic книга receipt,5192,expense,10,seed_keywords_v1
Книга Store,Synthetic no mcc operation книга,0,expense,10,seed_no_mcc_v1
Книга Store,Synthetic книга purchase,5942,expense,10,seed_keywords_v1
Лабиринт City,Synthetic no mcc operation лабиринт,0,expense,10,seed_no_mcc_v1
Лабиринт City,Synthetic лабиринт purchase,5192,expense,10,seed_keywords_v1
Лабиринт Express,Synthetic payment at лабиринт,5942,expense,10,seed_keywords_v1
Лабиринт Online,Synthetic online payment лабиринт,5192,expense,10,seed_keywords_v1
Лабиринт Pay,Synthetic card operation лабиринт,5942,expense,10,seed_keywords_v1
Лабиринт Store,Synthetic лабиринт receipt,5943,expense,10,seed_keywords_v1
Литрес City,Synthetic payment at литрес,5943,expense,10,seed_keywords_v1
Литрес Express,Synthetic литрес receipt,5192,expense,10,seed_keywords_v1
Литрес Online,Synthetic card operation литрес,5943,expense,10,seed_keywords_v1
Литрес Pay,Synthetic no mcc operation литрес,0,expense,10,seed_no_mcc_v1
Литрес Pay,Synthetic литрес purchase,5942,expense,10,seed_keywords_v1
Литрес Store,Synthetic online payment литрес,5942,expense,10,seed_keywords_v1
Республика City,Synthetic card operation республика,5942,expense,10,seed_keywords_v1
Республика Express,Synthetic no mcc operation республика,0,expense,10,seed_no_mcc_v1
Республика Express,Synthetic республика purchase,5192,expense,10,seed_keywords_v1
Республика Online,Synthetic республика receipt,5943,expense,10,seed_keywords_v1
Республика Pay,Synthetic online payment республика,5192,expense,10,seed_keywords_v1
Республика Store,Synthetic payment at республика,5942,expense,10,seed_keywords_v1
Читай Город City,Synthetic online payment читай город,5192,expense,10,seed_keywords_v1
Читай Город Express,Synthetic card operation читай город,5942,expense,10,seed_keywords_v1
Читай Город Online,Synthetic payment at читай город,5942,expense,10,seed_keywords_v1
Читай Город Pay,Synthetic читай город receipt,5943,expense,10,seed_keywords_v1
Читай Город Store,Synthetic no mcc operation читай город,0,expense,10,seed_no_mcc_v1
Читай Город Store,Synthetic читай город purchase,5192,expense,10,seed_keywords_v1
36 6 City,Synthetic card operation 36 6,5122,expense,11,seed_keywords_v1
36 6 Express,Synthetic no mcc operation 36 6,0,expense,11,seed_no_mcc_v1
36 6 Express,Synthetic 36 6 purchase,5122,expense,11,seed_keywords_v1
36 6 Online,Synthetic 36 6 receipt,5122,expense,11,seed_keywords_v1
36 6 Pay,Synthetic online payment 36 6,5912,expense,11,seed_keywords_v1
36 6 Store,Synthetic payment at 36 6,5912,expense,11,seed_keywords_v1
Apteka City,Synthetic apteka receipt,5912,expense,11,seed_keywords_v1
Apteka Express,Synthetic online payment apteka,5122,expense,11,seed_keywords_v1
Apteka Online,Synthetic no mcc operation apteka,0,expense,11,seed_no_mcc_v1
Apteka Online,Synthetic apteka purchase,5912,expense,11,seed_keywords_v1
Apteka Pay,Synthetic payment at apteka,5122,expense,11,seed_keywords_v1
Apteka Store,Synthetic card operation apteka,5912,expense,11,seed_keywords_v1
Eapteka City,Synthetic card operation eapteka,5912,expense,11,seed_keywords_v1
Eapteka Express,Synthetic no mcc operation eapteka,0,expense,11,seed_no_mcc_v1
Eapteka Express,Synthetic eapteka purchase,5912,expense,11,seed_keywords_v1
Eapteka Online,Synthetic eapteka receipt,5912,expense,11,seed_keywords_v1
Eapteka Pay,Synthetic online payment eapteka,5122,expense,11,seed_keywords_v1
Eapteka Store,Synthetic payment at eapteka,5122,expense,11,seed_keywords_v1
Gorzdrav City,Synthetic gorzdrav receipt,5122,expense,11,seed_keywords_v1
Gorzdrav Express,Synthetic online payment gorzdrav,5912,expense,11,seed_keywords_v1
Gorzdrav Online,Synthetic no mcc operation gorzdrav,0,expense,11,seed_no_mcc_v1
Gorzdrav Online,Synthetic gorzdrav purchase,5122,expense,11,seed_keywords_v1
Gorzdrav Pay,Synthetic payment at gorzdrav,5912,expense,11,seed_keywords_v1
Gorzdrav Store,Synthetic card operation gorzdrav,5122,expense,11,seed_keywords_v1
Pharmacy City,Synthetic payment at pharmacy,5912,expense,11,seed_keywords_v1
Pharmacy Express,Synthetic pharmacy receipt,5122,expense,11,seed_keywords_v1
Pharmacy Online,Synthetic card operation pharmacy,5122,expense,11,seed_keywords_v1
Pharmacy Pay,Synthetic no mcc operation pharmacy,0,expense,11,seed_no_mcc_v1
Pharmacy Pay,Synthetic pharmacy purchase,5122,expense,11,seed_keywords_v1
Pharmacy Store,Synthetic online payment pharmacy,5912,expense,11,seed_keywords_v1
Planetazdorovo City,Synthetic no mcc operation planetazdorovo,0,expense,11,seed_no_mcc_v1
Planetazdorovo City,Synthetic planetazdorovo purchase,5122,expense,11,seed_keywords_v1
Planetazdorovo Express,Synthetic payment at planetazdorovo,5912,expense,11,seed_keywords_v1
Planetazdorovo Online,Synthetic online payment planetazdorovo,5912,expense,11,seed_keywords_v1
Planetazdorovo Pay,Synthetic card operation planetazdorovo,5122,expense,11,seed_keywords_v1
Planetazdorovo Store,Synthetic planetazdorovo receipt,5122,expense,11,seed_keywords_v1
Rigla City,Synthetic payment at rigla,5912,expense,11,seed_keywords_v1
Rigla Express,Synthetic rigla receipt,5122,expense,11,seed_keywords_v1
Rigla Online,Synthetic card operation rigla,5122,expense,11,seed_keywords_v1
Rigla Pay,Synthetic no mcc operation rigla,0,expense,11,seed_no_mcc_v1
Rigla Pay,Synthetic rigla purchase,5122,expense,11,seed_keywords_v1
Rigla Store,Synthetic online payment rigla,5912,expense,11,seed_keywords_v1
Vita City,Synthetic vita receipt,5912,expense,11,seed_keywords_v1
Vita Express,Synthetic online payment vita,5122,expense,11,seed_keywords_v1
Vita Online,Synthetic no mcc operation vita,0,expense,11,seed_no_mcc_v1
Vita Online,Synthetic vita purchase,5912,expense,11,seed_keywords_v1
Vita Pay,Synthetic payment at vita,5122,expense,11,seed_keywords_v1
Vita Store,Synthetic card operation vita,5912,expense,11,seed_keywords_v1
Аптека City,Synthetic online payment аптека,5912,expense,11,seed_keywords_v1
Аптека Express,Synthetic card operation аптека,5122,expense,11,seed_keywords_v1
Аптека Online,Synthetic payment at аптека,5912,expense,11,seed_keywords_v1
Аптека Pay,Synthetic аптека receipt,5122,expense,11,seed_keywords_v1
Аптека Store,Synthetic no mcc operation аптека,0,expense,11,seed_no_mcc_v1
Аптека Store,Synthetic аптека purchase,5122,expense,11,seed_keywords_v1
Горздрав City,Synthetic online payment горздрав,5122,expense,11,seed_keywords_v1
Горздрав Express,Synthetic card operation горздрав,5912,expense,11,seed_keywords_v1
Горздрав Online,Synthetic payment at горздрав,5122,expense,11,seed_keywords_v1
Горздрав Pay,Synthetic горздрав receipt,5912,expense,11,seed_keywords_v1
Горздрав Store,Synthetic no mcc operation горздрав,0,expense,11,seed_no_mcc_v1
Горздрав Store,Synthetic горздрав purchase,5912,expense,11,seed_keywords_v1
Планета Здоровья City,Synthetic payment at планета здоровья,5122,expense,11,seed_keywords_v1
Планета Здоровья Express,Synthetic планета здоровья receipt,5912,expense,11,seed_keywords_v1
Планета Здоровья Online,Synthetic card operation планета здоровья,5912,expense,11,seed_keywords_v1
Планета Здоровья Pay,Synthetic no mcc operation планета здоровья,0,expense,11,seed_no_mcc_v1
Планета Здоровья Pay,Synthetic планета здоровья purchase,5912,expense,11,seed_keywords_v1
Планета Здоровья Store,Synthetic online payment планета здоровья,5122,expense,11,seed_keywords_v1
Ригла City,Synthetic no mcc operation ригла,0,expense,11,seed_no_mcc_v1
Ригла City,Synthetic ригла purchase,5912,expense,11,seed_keywords_v1
Ригла Express,Synthetic payment at ригла,5122,expense,11,seed_keywords_v1
Ригла Online,Synthetic online payment ригла,5122,expense,11,seed_keywords_v1
Ригла Pay,Synthetic card operation ригла,5912,expense,11,seed_keywords_v1
Ригла Store,Synthetic ригла receipt,5912,expense,11,seed_keywords_v1
Столички City,Synthetic online payment столички,5912,expense,11,seed_keywords_v1
Столички Express,Synthetic card operation столички,5122,expense,11,seed_keywords_v1
Столички Online,Synthetic payment at столички,5912,expense,11,seed_keywords_v1
Столички Pay,Synthetic столички receipt,5122,expense,11,seed_keywords_v1
Столички Store,Synthetic no mcc operation столички,0,expense,11,seed_no_mcc_v1
Столички Store,Synthetic столички purchase,5122,expense,11,seed_keywords_v1
Clinic City,Synthetic no mcc operation clinic,0,expense,12,seed_no_mcc_v1
Clinic City,Synthetic clinic purchase,8099,expense,12,seed_keywords_v1
Clinic Express,Synthetic payment at clinic,8011,expense,12,seed_keywords_v1
Clinic Online,Synthetic online payment clinic,8031,expense,12,seed_keywords_v1
Clinic Pay,Synthetic card operation clinic,8043,expense,12,seed_keywords_v1
Clinic Store,Synthetic clinic receipt,8021,expense,12,seed_keywords_v1
Cmd City,Synthetic online payment cmd,8099,expense,12,seed_keywords_v1
Cmd Express,Synthetic card operation cmd,8011,expense,12,seed_keywords_v1
Cmd Online,Synthetic payment at cmd,8062,expense,12,seed_keywords_v1
Cmd Pay,Synthetic cmd receipt,8071,expense,12,seed_keywords_v1
Cmd Store,Synthetic no mcc operation cmd,0,expense,12,seed_no_mcc_v1
Cmd Store,Synthetic cmd purchase,8043,expense,12,seed_keywords_v1
Dentist City,Synthetic payment at dentist,8099,expense,12,seed_keywords_v1
Dentist Express,Synthetic dentist receipt,8011,expense,12,seed_keywords_v1
Dentist Online,Synthetic card operation dentist,8031,expense,12,seed_keywords_v1
Dentist Pay,Synthetic no mcc operation dentist,0,expense,12,seed_no_mcc_v1
Dentist Pay,Synthetic dentist purchase,8071,expense,12,seed_keywords_v1
Dentist Store,Synthetic online payment dentist,8021,expense,12,seed_keywords_v1
Doctor City,Synthetic card operation doctor,8062,expense,12,seed_keywords_v1
Doctor Express,Synthetic no mcc operation doctor,0,expense,12,seed_no_mcc_v1
Doctor Express,Synthetic doctor purchase,8011,expense,12,seed_keywords_v1
Doctor Online,Synthetic doctor receipt,8031,expense,12,seed_keywords_v1
Doctor Pay,Synthetic online payment doctor,8043,expense,12,seed_keywords_v1
Doctor Store,Synthetic payment at doctor,8021,expense,12,seed_keywords_v1
Gemotest City,Synthetic payment at gemotest,8043,expense,12,seed_keywords_v1
Gemotest Express,Synthetic gemotest receipt,8062,expense,12,seed_keywords_v1
Gemotest Online,Synthetic card operation gemotest,8099,expense,12,seed_keywords_v1
Gemotest Pay,Synthetic no mcc operation gemotest,0,expense,12,seed_no_mcc_v1
Gemotest Pay,Synthetic gemotest purchase,8031,expense,12,seed_keywords_v1
Gemotest Store,Synthetic online payment gemotest,8071,expense,12,seed_keywords_v1
Helix City,Synthetic card operation helix,8021,expense,12,seed_keywords_v1
Helix Express,Synthetic no mcc operation helix,0,expense,12,seed_no_mcc_v1
Helix Express,Synthetic helix purchase,8062,expense,12,seed_keywords_v1
Helix Online,Synthetic helix receipt,8099,expense,12,seed_keywords_v1
Helix Pay,Synthetic online payment helix,8011,expense,12,seed_keywords_v1
Helix Store,Synthetic payment at helix,8071,expense,12,seed_keywords_v1
Invitro City,Synthetic online payment invitro,8043,expense,12,seed_keywords_v1
Invitro Express,Synthetic card operation invitro,8062,expense,12,seed_keywords_v1
Invitro Online,Synthetic payment at invitro,8021,expense,12,seed_keywords_v1
Invitro Pay,Synthetic invitro receipt,8031,expense,12,seed_keywords_v1
Invitro Store,Synthetic no mcc operation invitro,0,expense,12,seed_no_mcc_v1
Invitro Store,Synthetic invitro purchase,8011,expense,12,seed_keywords_v1
Medsi City,Synthetic medsi receipt,8021,expense,12,seed_keywords_v1
Medsi Express,Synthetic online payment medsi,8031,expense,12,seed_keywords_v1
Medsi Online,Synthetic no mcc operation medsi,0,expense,12,seed_no_mcc_v1
Medsi Online,Synthetic medsi purchase,8099,expense,12,seed_keywords_v1
Medsi Pay,Synthetic payment at medsi,8011,expense,12,seed_keywords_v1
Medsi Store,Synthetic card operation medsi,8043,expense,12,seed_keywords_v1
Sm Clinic City,Synthetic no mcc operation sm clinic,0,expense,12,seed_no_mcc_v1
Sm Clinic City,Synthetic sm clinic purchase,8021,expense,12,seed_keywords_v1
Sm Clinic Express,Synthetic payment at sm clinic,8031,expense,12,seed_keywords_v1
Sm Clinic Online,Synthetic online payment sm clinic,8062,expense,12,seed_keywords_v1
Sm Clinic Pay,Synthetic card operation sm clinic,8071,expense,12,seed_keywords_v1
Sm Clinic Store,Synthetic sm clinic receipt,8043,expense,12,seed_keywords_v1
Гемотест City,Synthetic no mcc operation гемотест,0,expense,12,seed_no_mcc_v1
Гемотест City,Synthetic гемотест purchase,8043,expense,12,seed_keywords_v1
Гемотест Express,Synthetic payment at гемотест,8062,expense,12,seed_keywords_v1
Гемотест Online,Synthetic online payment гемотест,8099,expense,12,seed_keywords_v1
Гемотест Pay,Synthetic card operation гемотест,8011,expense,12,seed_keywords_v1
Гемотест Store,Synthetic гемотест receipt,8071,expense,12,seed_keywords_v1
Инвитро City,Synthetic инвитро receipt,8043,expense,12,seed_keywords_v1
Инвитро Express,Synthetic online payment инвитро,8062,expense,12,seed_keywords_v1
Инвитро Online,Synthetic no mcc operation инвитро,0,expense,12,seed_no_mcc_v1
Инвитро Online,Synthetic инвитро purchase,8021,expense,12,seed_keywords_v1
Инвитро Pay,Synthetic payment at инвитро,8031,expense,12,seed_keywords_v1
Инвитро Store,Synthetic card operation инвитро,8071,expense,12,seed_keywords_v1
Медицина City,Synthetic online payment медицина,8062,expense,12,seed_keywords_v1
Медицина Express,Synthetic card operation медицина,8071,expense,12,seed_keywords_v1
Медицина Online,Synthetic payment at медицина,8031,expense,12,seed_keywords_v1
Медицина Pay,Synthetic медицина receipt,8043,expense,12,seed_keywords_v1
Медицина Store,Synthetic no mcc operation медицина,0,expense,12,seed_no_mcc_v1
Медицина Store,Synthetic медицина purchase,8021,expense,12,seed_keywords_v1
Медси City,Synthetic payment at медси,8021,expense,12,seed_keywords_v1
Медси Express,Synthetic медси receipt,8031,expense,12,seed_keywords_v1
Медси Online,Synthetic card operation медси,8062,expense,12,seed_keywords_v1
Медси Pay,Synthetic no mcc operation медси,0,expense,12,seed_no_mcc_v1
Медси Pay,Synthetic медси purchase,8011,expense,12,seed_keywords_v1
Медси Store,Synthetic online payment медси,8043,expense,12,seed_keywords_v1
См Клиника City,Synthetic card operation см клиника,8099,expense,12,seed_keywords_v1
См Клиника Express,Synthetic no mcc operation см клиника,0,expense,12,seed_no_mcc_v1
См Клиника Express,Synthetic см клиника purchase,8031,expense,12,seed_keywords_v1
См Клиника Online,Synthetic см клиника receipt,8062,expense,12,seed_keywords_v1
См Клиника Pay,Synthetic online payment см клиника,8071,expense,12,seed_keywords_v1
См Клиника Store,Synthetic payment at см клиника,8043,expense,12,seed_keywords_v1
Стоматология City,Synthetic стоматология receipt,8099,expense,12,seed_keywords_v1
Стоматология Express,Synthetic online payment стоматология,8011,expense,12,seed_keywords_v1
Стоматология Online,Synthetic no mcc operation стоматология,0,expense,12,seed_no_mcc_v1
Стоматология Online,Synthetic стоматология purchase,8062,expense,12,seed_keywords_v1
Стоматология Pay,Synthetic payment at стоматология,8071,expense,12,seed_keywords_v1
Стоматология Store,Synthetic card operation стоматология,8021,expense,12,seed_keywords_v1
Хеликс City,Synthetic online payment хеликс,8021,expense,12,seed_keywords_v1
Хеликс Express,Synthetic card operation хеликс,8031,expense,12,seed_keywords_v1
Хеликс Online,Synthetic payment at хеликс,8099,expense,12,seed_keywords_v1
Хеликс Pay,Synthetic хеликс receipt,8011,expense,12,seed_keywords_v1
Хеликс Store,Synthetic no mcc operation хеликс,0,expense,12,seed_no_mcc_v1
Хеликс Store,Synthetic хеликс purchase,8071,expense,12,seed_keywords_v1
Bashneft City,Synthetic no mcc operation bashneft,0,expense,13,seed_no_mcc_v1
Bashneft City,Synthetic bashneft purchase,5541,expense,13,seed_keywords_v1
Bashneft Express,Synthetic payment at bashneft,5542,expense,13,seed_keywords_v1
Bashneft Online,Synthetic online payment bashneft,5542,expense,13,seed_keywords_v1
Bashneft Pay,Synthetic card operation bashneft,5541,expense,13,seed_keywords_v1
Bashneft Store,Synthetic bashneft receipt,5541,expense,13,seed_keywords_v1
Fuel City,Synthetic no mcc operation fuel,0,expense,13,seed_no_mcc_v1
Fuel City,Synthetic fuel purchase,5542,expense,13,seed_keywords_v1
Fuel Express,Synthetic payment at fuel,5541,expense,13,seed_keywords_v1
Fuel Online,Synthetic online payment fuel,5541,expense,13,seed_keywords_v1
Fuel Pay,Synthetic card operation fuel,5542,expense,13,seed_keywords_v1
Fuel Store,Synthetic fuel receipt,5542,expense,13,seed_keywords_v1
Gazpromneft City,Synthetic payment at gazpromneft,5542,expense,13,seed_keywords_v1
Gazpromneft Express,Synthetic gazpromneft receipt,5541,expense,13,seed_keywords_v1
Gazpromneft Online,Synthetic card operation gazpromneft,5541,expense,13,seed_keywords_v1
Gazpromneft Pay,Synthetic no mcc operation gazpromneft,0,expense,13,seed_no_mcc_v1
Gazpromneft Pay,Synthetic gazpromneft purchase,5541,expense,13,seed_keywords_v1
Gazpromneft Store,Synthetic online payment gazpromneft,5542,expense,13,seed_keywords_v1
Lukoil City,Synthetic online payment lukoil,5542,expense,13,seed_keywords_v1
Lukoil Express,Synthetic card operation lukoil,5541,expense,13,seed_keywords_v1
Lukoil Online,Synthetic payment at lukoil,5542,expense,13,seed_keywords_v1
Lukoil Pay,Synthetic lukoil receipt,5541,expense,13,seed_keywords_v1
Lukoil Store,Synthetic no mcc operation lukoil,0,expense,13,seed_no_mcc_v1
Lukoil Store,Synthetic lukoil purchase,5541,expense,13,seed_keywords_v1
Oil City,Synthetic card operation oil,5541,expense,13,seed_keywords_v1
Oil Express,Synthetic no mcc operation oil,0,expense,13,seed_no_mcc_v1
Oil Express,Synthetic oil purchase,5541,expense,13,seed_keywords_v1
Oil Online,Synthetic oil receipt,5541,expense,13,seed_keywords_v1
Oil Pay,Synthetic online payment oil,5542,expense,13,seed_keywords_v1
Oil Store,Synthetic payment at oil,5542,expense,13,seed_keywords_v1
Rosneft City,Synthetic card operation rosneft,5541,expense,13,seed_keywords_v1
Rosneft Express,Synthetic no mcc operation rosneft,0,expense,13,seed_no_mcc_v1
Rosneft Express,Synthetic rosneft purchase,5541,expense,13,seed_keywords_v1
Rosneft Online,Synthetic rosneft receipt,5541,expense,13,seed_keywords_v1
Rosneft Pay,Synthetic online payment rosneft,5542,expense,13,seed_keywords_v1
Rosneft Store,Synthetic payment at rosneft,5542,expense,13,seed_keywords_v1
Seed Auto Station,Synthetic fuel purchase,5812,expense,13,seed_weak_mcc_override_v1
Seed Auto Station,Synthetic gasoline payment,5812,expense,13,seed_weak_mcc_override_v1
Seed Auto Station,Synthetic petrol receipt,5812,expense,13,seed_weak_mcc_override_v1
Seed Auto Station,Synthetic station payment,5812,expense,13,seed_weak_mcc_override_v1
Seed Fuel Point,Synthetic fuel purchase,5812,expense,13,seed_weak_mcc_override_v1
Seed Fuel Point,Synthetic gasoline payment,5812,expense,13,seed_weak_mcc_override_v1
Seed Fuel Point,Synthetic petrol receipt,5812,expense,13,seed_weak_mcc_override_v1
Seed Fuel Point,Synthetic station payment,5812,expense,13,seed_weak_mcc_override_v1
Seed Octane,Synthetic fuel purchase,5812,expense,13,seed_weak_mcc_override_v1
Seed Octane,Synthetic gasoline payment,5812,expense,13,seed_weak_mcc_override_v1
Seed Octane,Synthetic petrol receipt,5812,expense,13,seed_weak_mcc_override_v1
Seed Octane,Synthetic station payment,5812,expense,13,seed_weak_mcc_override_v1
Seed Petrol,Synthetic fuel purchase,5812,expense,13,seed_weak_mcc_override_v1
Seed Petrol,Synthetic gasoline payment,5812,expense,13,seed_weak_mcc_override_v1
Seed Petrol,Synthetic petrol receipt,5812,expense,13,seed_weak_mcc_override_v1
Seed Petrol,Synthetic station payment,5812,expense,13,seed_weak_mcc_override_v1
Seed Pump,Synthetic fuel purchase,5812,expense,13,seed_weak_mcc_override_v1
Seed Pump,Synthetic gasoline payment,5812,expense,13,seed_weak_mcc_override_v1
Seed Pump,Synthetic petrol receipt,5812,expense,13,seed_weak_mcc_override_v1
Seed Pump,Synthetic station payment,5812,expense,13,seed_weak_mcc_override_v1
Seed Road Energy,Synthetic fuel purchase,5812,expense,13,seed_weak_mcc_override_v1
Seed Road Energy,Synthetic gasoline payment,5812,expense,13,seed_weak_mcc_override_v1
Seed Road Energy,Synthetic petrol receipt,5812,expense,13,seed_weak_mcc_override_v1
Seed Road Energy,Synthetic station payment,5812,expense,13,seed_weak_mcc_override_v1
Shell City,Synthetic online payment shell,5542,expense,13,seed_keywords_v1
Shell Express,Synthetic card operation shell,5541,expense,13,seed_keywords_v1
Shell Online,Synthetic payment at shell,5542,expense,13,seed_keywords_v1
Shell Pay,Synthetic shell receipt,5541,expense,13,seed_keywords_v1
Shell Store,Synthetic no mcc operation shell,0,expense,13,seed_no_mcc_v1
Shell Store,Synthetic shell purchase,5541,expense,13,seed_keywords_v1
Tatneft City,Synthetic tatneft receipt,5541,expense,13,seed_keywords_v1
Tatneft Express,Synthetic online payment tatneft,5542,expense,13,seed_keywords_v1
Tatneft Online,Synthetic no mcc operation tatneft,0,expense,13,seed_no_mcc_v1
Tatneft Online,Synthetic tatneft purchase,5541,expense,13,seed_keywords_v1
Tatneft Pay,Synthetic payment at tatneft,5542,expense,13,seed_keywords_v1
Tatneft Store,Synthetic card operation tatneft,5541,expense,13,seed_keywords_v1
Teboil City,Synthetic teboil receipt,5542,expense,13,seed_keywords_v1
Teboil Express,Synthetic online payment teboil,5541,expense,13,seed_keywords_v1
Teboil Online,Synthetic no mcc operation teboil,0,expense,13,seed_no_mcc_v1
Teboil Online,Synthetic teboil purchase,5542,expense,13,seed_keywords_v1
Teboil Pay,Synthetic payment at teboil,5541,expense,13,seed_keywords_v1
Teboil Store,Synthetic card operation teboil,5542,expense,13,seed_keywords_v1
Азс City,Synthetic payment at азс,5542,expense,13,seed_keywords_v1
Азс Express,Synthetic азс receipt,5541,expense,13,seed_keywords_v1
Азс Online,Synthetic card operation азс,5541,expense,13,seed_keywords_v1
Азс Pay,Synthetic no mcc operation азс,0,expense,13,seed_no_mcc_v1
Азс Pay,Synthetic азс purchase,5541,expense,13,seed_keywords_v1
Азс Store,Synthetic online payment азс,5542,expense,13,seed_keywords_v1
Башнефть City,Synthetic card operation башнефть,5542,expense,13,seed_keywords_v1
Башнефть Express,Synthetic no mcc operation башнефть,0,expense,13,seed_no_mcc_v1
Башнефть Express,Synthetic башнефть purchase,5542,expense,13,seed_keywords_v1
Башнефть Online,Synthetic башнефть receipt,5542,expense,13,seed_keywords_v1
Башнефть Pay,Synthetic online payment башнефть,5541,expense,13,seed_keywords_v1
Башнефть Store,Synthetic payment at башнефть,5541,expense,13,seed_keywords_v1
Газпромнефть City,Synthetic no mcc operation газпромнефть,0,expense,13,seed_no_mcc_v1
Газпромнефть City,Synthetic газпромнефть purchase,5542,expense,13,seed_keywords_v1
Газпромнефть Express,Synthetic payment at газпромнефть,5541,expense,13,seed_keywords_v1
Газпромнефть Online,Synthetic online payment газпромнефть,5541,expense,13,seed_keywords_v1
Газпромнефть Pay,Synthetic card operation газпромнефть,5542,expense,13,seed_keywords_v1
Газпромнефть Store,Synthetic газпромнефть receipt,5542,expense,13,seed_keywords_v1
Лукойл City,Synthetic лукойл receipt,5542,expense,13,seed_keywords_v1
Лукойл Express,Synthetic online payment лукойл,5541,expense,13,seed_keywords_v1
Лукойл Online,Synthetic no mcc operation лукойл,0,expense,13,seed_no_mcc_v1
Лукойл Online,Synthetic лукойл purchase,5542,expense,13,seed_keywords_v1
Лукойл Pay,Synthetic payment at лукойл,5541,expense,13,seed_keywords_v1
Лукойл Store,Synthetic card operation лукойл,5542,expense,13,seed_keywords_v1
Роснефть City,Synthetic online payment роснефть,5541,expense,13,seed_keywords_v1
Роснефть Express,Synthetic card operation роснефть,5542,expense,13,seed_keywords_v1
Роснефть Online,Synthetic payment at роснефть,5541,expense,13,seed_keywords_v1
Роснефть Pay,Synthetic роснефть receipt,5542,expense,13,seed_keywords_v1
Роснефть Store,Synthetic no mcc operation роснефть,0,expense,13,seed_no_mcc_v1
Роснефть Store,Synthetic роснефть purchase,5542,expense,13,seed_keywords_v1
Татнефть City,Synthetic payment at татнефть,5541,expense,13,seed_keywords_v1
Татнефть Express,Synthetic татнефть receipt,5542,expense,13,seed_keywords_v1
Татнефть Online,Synthetic card operation татнефть,5542,expense,13,seed_keywords_v1
Татнефть Pay,Synthetic no mcc operation татнефть,0,expense,13,seed_no_mcc_v1
Татнефть Pay,Synthetic татнефть purchase,5542,expense,13,seed_keywords_v1
Татнефть Store,Synthetic online payment татнефть,5541,expense,13,seed_keywords_v1
Autoservice City,Synthetic online payment autoservice,7542,expense,14,seed_keywords_v1
Autoservice Express,Synthetic card operation autoservice,7549,expense,14,seed_keywords_v1
Autoservice Online,Synthetic payment at autoservice,7534,expense,14,seed_keywords_v1
Autoservice Pay,Synthetic autoservice receipt,7538,expense,14,seed_keywords_v1
Autoservice Store,Synthetic no mcc operation autoservice,0,expense,14,seed_no_mcc_v1
Autoservice Store,Synthetic autoservice purchase,7531,expense,14,seed_keywords_v1
Car Wash City,Synthetic payment at car wash,7542,expense,14,seed_keywords_v1
Car Wash Express,Synthetic car wash receipt,7549,expense,14,seed_keywords_v1
Car Wash Online,Synthetic card operation car wash,7534,expense,14,seed_keywords_v1
Car Wash Pay,Synthetic no mcc operation car wash,0,expense,14,seed_no_mcc_v1
Car Wash Pay,Synthetic car wash purchase,7538,expense,14,seed_keywords_v1
Car Wash Store,Synthetic online payment car wash,7531,expense,14,seed_keywords_v1
Fit Service City,Synthetic no mcc operation fit service,0,expense,14,seed_no_mcc_v1
Fit Service City,Synthetic fit service purchase,7542,expense,14,seed_keywords_v1
Fit Service Express,Synthetic payment at fit service,7549,expense,14,seed_keywords_v1
Fit Service Online,Synthetic online payment fit service,7534,expense,14,seed_keywords_v1
Fit Service Pay,Synthetic card operation fit service,7538,expense,14,seed_keywords_v1
Fit Service Store,Synthetic fit service receipt,7531,expense,14,seed_keywords_v1
Major City,Synthetic payment at major,7542,expense,14,seed_keywords_v1
Major Express,Synthetic major receipt,7549,expense,14,seed_keywords_v1
Major Online,Synthetic card operation major,7534,expense,14,seed_keywords_v1
Major Pay,Synthetic no mcc operation major,0,expense,14,seed_no_mcc_v1
Major Pay,Synthetic major purchase,7538,expense,14,seed_keywords_v1
Major Store,Synthetic online payment major,7531,expense,14,seed_keywords_v1
Moika City,Synthetic card operation moika,7542,expense,14,seed_keywords_v1
Moika Express,Synthetic no mcc operation moika,0,expense,14,seed_no_mcc_v1
Moika Express,Synthetic moika purchase,7549,expense,14,seed_keywords_v1
Moika Online,Synthetic moika receipt,7534,expense,14,seed_keywords_v1
Moika Pay,Synthetic online payment moika,7538,expense,14,seed_keywords_v1
Moika Store,Synthetic payment at moika,7531,expense,14,seed_keywords_v1
Rolf City,Synthetic online payment rolf,7542,expense,14,seed_keywords_v1
Rolf Express,Synthetic card operation rolf,7549,expense,14,seed_keywords_v1
Rolf Online,Synthetic payment at rolf,7534,expense,14,seed_keywords_v1
Rolf Pay,Synthetic rolf receipt,7538,expense,14,seed_keywords_v1
Rolf Store,Synthetic no mcc operation rolf,0,expense,14,seed_no_mcc_v1
Rolf Store,Synthetic rolf purchase,7531,expense,14,seed_keywords_v1
Автосервис City,Synthetic card operation автосервис,7542,expense,14,seed_keywords_v1
Автосервис Express,Synthetic no mcc operation автосервис,0,expense,14,seed_no_mcc_v1
Автосервис Express,Synthetic автосервис purchase,7549,expense,14,seed_keywords_v1
Автосервис Online,Synthetic автосервис receipt,7534,expense,14,seed_keywords_v1
Автосервис Pay,Synthetic online payment автосервис,7538,expense,14,seed_keywords_v1
Автосервис Store,Synthetic payment at автосервис,7531,expense,14,seed_keywords_v1
Мойка City,Synthetic no mcc operation мойка,0,expense,14,seed_no_mcc_v1
Мойка City,Synthetic мойка purchase,7542,expense,14,seed_keywords_v1
Мойка Express,Synthetic payment at мойка,7549,expense,14,seed_keywords_v1
Мойка Online,Synthetic online payment мойка,7534,expense,14,seed_keywords_v1
Мойка Pay,Synthetic card operation мойка,7538,expense,14,seed_keywords_v1
Мойка Store,Synthetic мойка receipt,7531,expense,14,seed_keywords_v1
Рольф City,Synthetic рольф receipt,7542,expense,14,seed_keywords_v1
Рольф Express,Synthetic online payment рольф,7549,expense,14,seed_keywords_v1
Рольф Online,Synthetic no mcc operation рольф,0,expense,14,seed_no_mcc_v1
Рольф Online,Synthetic рольф purchase,7534,expense,14,seed_keywords_v1
Рольф Pay,Synthetic payment at рольф,7538,expense,14,seed_keywords_v1
Рольф Store,Synthetic card operation рольф,7531,expense,14,seed_keywords_v1
Техобслуживание City,Synthetic online payment техобслуживание,7542,expense,14,seed_keywords_v1
Техобслуживание Express,Synthetic card operation техобслуживание,7549,expense,14,seed_keywords_v1
Техобслуживание Online,Synthetic payment at техобслуживание,7534,expense,14,seed_keywords_v1
Техобслуживание Pay,Synthetic техобслуживание receipt,7538,expense,14,seed_keywords_v1
Техобслуживание Store,Synthetic no mcc operation техобслуживание,0,expense,14,seed_no_mcc_v1
Техобслуживание Store,Synthetic техобслуживание purchase,7531,expense,14,seed_keywords_v1
То Авто City,Synthetic то авто receipt,7542,expense,14,seed_keywords_v1
То Авто Express,Synthetic online payment то авто,7549,expense,14,seed_keywords_v1
То Авто Online,Synthetic no mcc operation то авто,0,expense,14,seed_no_mcc_v1
То Авто Online,Synthetic то авто purchase,7534,expense,14,seed_keywords_v1
То Авто Pay,Synthetic payment at то авто,7538,expense,14,seed_keywords_v1
То Авто Store,Synthetic card operation то авто,7531,expense,14,seed_keywords_v1
Шиномонтаж City,Synthetic шиномонтаж receipt,7542,expense,14,seed_keywords_v1
Шиномонтаж Express,Synthetic online payment шиномонтаж,7549,expense,14,seed_keywords_v1
Шиномонтаж Online,Synthetic no mcc operation шиномонтаж,0,expense,14,seed_no_mcc_v1
Шиномонтаж Online,Synthetic шиномонтаж purchase,7534,expense,14,seed_keywords_v1
Шиномонтаж Pay,Synthetic payment at шиномонтаж,7538,expense,14,seed_keywords_v1
Шиномонтаж Store,Synthetic card operation шиномонтаж,7531,expense,14,seed_keywords_v1
Autodoc City,Synthetic payment at autodoc,5533,expense,15,seed_keywords_v1
Autodoc Express,Synthetic autodoc receipt,5532,expense,15,seed_keywords_v1
Autodoc Online,Synthetic card operation autodoc,5532,expense,15,seed_keywords_v1
Autodoc Pay,Synthetic no mcc operation autodoc,0,expense,15,seed_no_mcc_v1
Autodoc Pay,Synthetic autodoc purchase,5532,expense,15,seed_keywords_v1
Autodoc Store,Synthetic online payment autodoc,5533,expense,15,seed_keywords_v1
Autoparts City,Synthetic no mcc operation autoparts,0,expense,15,seed_no_mcc_v1
Autoparts City,Synthetic autoparts purchase,5532,expense,15,seed_keywords_v1
Autoparts Express,Synthetic payment at autoparts,5533,expense,15,seed_keywords_v1
Autoparts Online,Synthetic online payment autoparts,5533,expense,15,seed_keywords_v1
Autoparts Pay,Synthetic card operation autoparts,5532,expense,15,seed_keywords_v1
Autoparts Store,Synthetic autoparts receipt,5532,expense,15,seed_keywords_v1
Emex City,Synthetic card operation emex,5532,expense,15,seed_keywords_v1
Emex Express,Synthetic no mcc operation emex,0,expense,15,seed_no_mcc_v1
Emex Express,Synthetic emex purchase,5532,expense,15,seed_keywords_v1
Emex Online,Synthetic emex receipt,5532,expense,15,seed_keywords_v1
Emex Pay,Synthetic online payment emex,5533,expense,15,seed_keywords_v1
Emex Store,Synthetic payment at emex,5533,expense,15,seed_keywords_v1
Exist City,Synthetic online payment exist,5533,expense,15,seed_keywords_v1
Exist Express,Synthetic card operation exist,5532,expense,15,seed_keywords_v1
Exist Online,Synthetic payment at exist,5533,expense,15,seed_keywords_v1
Exist Pay,Synthetic exist receipt,5532,expense,15,seed_keywords_v1
Exist Store,Synthetic no mcc operation exist,0,expense,15,seed_no_mcc_v1
Exist Store,Synthetic exist purchase,5532,expense,15,seed_keywords_v1
Kolesa Darom City,Synthetic kolesa darom receipt,5532,expense,15,seed_keywords_v1
Kolesa Darom Express,Synthetic online payment kolesa darom,5533,expense,15,seed_keywords_v1
Kolesa Darom Online,Synthetic no mcc operation kolesa darom,0,expense,15,seed_no_mcc_v1
Kolesa Darom Online,Synthetic kolesa darom purchase,5532,expense,15,seed_keywords_v1
Kolesa Darom Pay,Synthetic payment at kolesa darom,5533,expense,15,seed_keywords_v1
Kolesa Darom Store,Synthetic card operation kolesa darom,5532,expense,15,seed_keywords_v1
Автодок City,Synthetic no mcc operation автодок,0,expense,15,seed_no_mcc_v1
Автодок City,Synthetic автодок purchase,5533,expense,15,seed_keywords_v1
Автодок Express,Synthetic payment at автодок,5532,expense,15,seed_keywords_v1
Автодок Online,Synthetic online payment автодок,5532,expense,15,seed_keywords_v1
Автодок Pay,Synthetic card operation автодок,5533,expense,15,seed_keywords_v1
Автодок Store,Synthetic автодок receipt,5533,expense,15,seed_keywords_v1
Автозапчасти City,Synthetic online payment автозапчасти,5533,expense,15,seed_keywords_v1
Автозапчасти Express,Synthetic card operation автозапчасти,5532,expense,15,seed_keywords_v1
Автозапчасти Online,Synthetic payment at автозапчасти,5533,expense,15,seed_keywords_v1
Автозапчасти Pay,Synthetic автозапчасти receipt,5532,expense,15,seed_keywords_v1
Автозапчасти Store,Synthetic no mcc operation автозапчасти,0,expense,15,seed_no_mcc_v1
Автозапчасти Store,Synthetic автозапчасти purchase,5532,expense,15,seed_keywords_v1
Емекс City,Synthetic online payment емекс,5532,expense,15,seed_keywords_v1
Емекс Express,Synthetic card operation емекс,5533,expense,15,seed_keywords_v1
Емекс Online,Synthetic payment at емекс,5532,expense,15,seed_keywords_v1
Емекс Pay,Synthetic емекс receipt,5533,expense,15,seed_keywords_v1
Емекс Store,Synthetic no mcc operation емекс,0,expense,15,seed_no_mcc_v1
Емекс Store,Synthetic емекс purchase,5533,expense,15,seed_keywords_v1
Запчасти City,Synthetic card operation запчасти,5533,expense,15,seed_keywords_v1
Запчасти Express,Synthetic no mcc operation запчасти,0,expense,15,seed_no_mcc_v1
Запчасти Express,Synthetic запчасти purchase,5533,expense,15,seed_keywords_v1
Запчасти Online,Synthetic запчасти receipt,5533,expense,15,seed_keywords_v1
Запчасти Pay,Synthetic online payment запчасти,5532,expense,15,seed_keywords_v1
Запчасти Store,Synthetic payment at запчасти,5532,expense,15,seed_keywords_v1
Колеса Даром City,Synthetic payment at колеса даром,5532,expense,15,seed_keywords_v1
Колеса Даром Express,Synthetic колеса даром receipt,5533,expense,15,seed_keywords_v1
Колеса Даром Online,Synthetic card operation колеса даром,5533,expense,15,seed_keywords_v1
Колеса Даром Pay,Synthetic no mcc operation колеса даром,0,expense,15,seed_no_mcc_v1
Колеса Даром Pay,Synthetic колеса даром purchase,5533,expense,15,seed_keywords_v1
Колеса Даром Store,Synthetic online payment колеса даром,5532,expense,15,seed_keywords_v1
Экзист City,Synthetic экзист receipt,5533,expense,15,seed_keywords_v1
Экзист Express,Synthetic online payment экзист,5532,expense,15,seed_keywords_v1
Экзист Online,Synthetic no mcc operation экзист,0,expense,15,seed_no_mcc_v1
Экзист Online,Synthetic экзист purchase,5533,expense,15,seed_keywords_v1
Экзист Pay,Synthetic payment at экзист,5532,expense,15,seed_keywords_v1
Экзист Store,Synthetic card operation экзист,5533,expense,15,seed_keywords_v1
Ampc City,Synthetic online payment ampc,9222,expense,16,seed_keywords_v1
Ampc Express,Synthetic card operation ampc,9399,expense,16,seed_keywords_v1
Ampc Online,Synthetic payment at ampc,9399,expense,16,seed_keywords_v1
Ampc Pay,Synthetic ampc receipt,7523,expense,16,seed_keywords_v1
Ampc Store,Synthetic no mcc operation ampc,0,expense,16,seed_no_mcc_v1
Ampc Store,Synthetic ampc purchase,9222,expense,16,seed_keywords_v1
Gibdd City,Synthetic online payment gibdd,9399,expense,16,seed_keywords_v1
Gibdd Express,Synthetic card operation gibdd,7523,expense,16,seed_keywords_v1
Gibdd Online,Synthetic payment at gibdd,7523,expense,16,seed_keywords_v1
Gibdd Pay,Synthetic gibdd receipt,9222,expense,16,seed_keywords_v1
Gibdd Store,Synthetic no mcc operation gibdd,0,expense,16,seed_no_mcc_v1
Gibdd Store,Synthetic gibdd purchase,9399,expense,16,seed_keywords_v1
Mos Ru City,Synthetic payment at mos ru,7523,expense,16,seed_keywords_v1
Mos Ru Express,Synthetic mos ru receipt,9222,expense,16,seed_keywords_v1
Mos Ru Online,Synthetic card operation mos ru,7523,expense,16,seed_keywords_v1
Mos Ru Pay,Synthetic no mcc operation mos ru,0,expense,16,seed_no_mcc_v1
Mos Ru Pay,Synthetic mos ru purchase,9399,expense,16,seed_keywords_v1
Mos Ru Store,Synthetic online payment mos ru,9399,expense,16,seed_keywords_v1
Parking City,Synthetic online payment parking,7523,expense,16,seed_keywords_v1
Parking Express,Synthetic card operation parking,9222,expense,16,seed_keywords_v1
Parking Online,Synthetic payment at parking,9222,expense,16,seed_keywords_v1
Parking Pay,Synthetic parking receipt,9399,expense,16,seed_keywords_v1
Parking Store,Synthetic no mcc operation parking,0,expense,16,seed_no_mcc_v1
Parking Store,Synthetic parking purchase,7523,expense,16,seed_keywords_v1
Shtraf City,Synthetic payment at shtraf,9399,expense,16,seed_keywords_v1
Shtraf Express,Synthetic shtraf receipt,7523,expense,16,seed_keywords_v1
Shtraf Online,Synthetic card operation shtraf,9399,expense,16,seed_keywords_v1
Shtraf Pay,Synthetic no mcc operation shtraf,0,expense,16,seed_no_mcc_v1
Shtraf Pay,Synthetic shtraf purchase,9222,expense,16,seed_keywords_v1
Shtraf Store,Synthetic online payment shtraf,9222,expense,16,seed_keywords_v1
Tsodd City,Synthetic no mcc operation tsodd,0,expense,16,seed_no_mcc_v1
Tsodd City,Synthetic tsodd purchase,9399,expense,16,seed_keywords_v1
Tsodd Express,Synthetic payment at tsodd,7523,expense,16,seed_keywords_v1
Tsodd Online,Synthetic online payment tsodd,9399,expense,16,seed_keywords_v1
Tsodd Pay,Synthetic card operation tsodd,7523,expense,16,seed_keywords_v1
Tsodd Store,Synthetic tsodd receipt,9222,expense,16,seed_keywords_v1
Ам Пп City,Synthetic ам пп receipt,9222,expense,16,seed_keywords_v1
Ам Пп Express,Synthetic online payment ам пп,9399,expense,16,seed_keywords_v1
Ам Пп Online,Synthetic no mcc operation ам пп,0,expense,16,seed_no_mcc_v1
Ам Пп Online,Synthetic ам пп purchase,9399,expense,16,seed_keywords_v1
Ам Пп Pay,Synthetic payment at ам пп,7523,expense,16,seed_keywords_v1
Ам Пп Store,Synthetic card operation ам пп,7523,expense,16,seed_keywords_v1
Гибдд City,Synthetic card operation гибдд,9399,expense,16,seed_keywords_v1
Гибдд Express,Synthetic no mcc operation гибдд,0,expense,16,seed_no_mcc_v1
Гибдд Express,Synthetic гибдд purchase,9222,expense,16,seed_keywords_v1
Гибдд Online,Synthetic гибдд receipt,7523,expense,16,seed_keywords_v1
Гибдд Pay,Synthetic online payment гибдд,9222,expense,16,seed_keywords_v1
Гибдд Store,Synthetic payment at гибдд,9399,expense,16,seed_keywords_v1
Госуслуги City,Synthetic payment at госуслуги,9222,expense,16,seed_keywords_v1
Госуслуги Express,Synthetic госуслуги receipt,9399,expense,16,seed_keywords_v1
Госуслуги Online,Synthetic card operation госуслуги,9222,expense,16,seed_keywords_v1
Госуслуги Pay,Synthetic no mcc operation госуслуги,0,expense,16,seed_no_mcc_v1
Госуслуги Pay,Synthetic госуслуги purchase,7523,expense,16,seed_keywords_v1
Госуслуги Store,Synthetic online payment госуслуги,7523,expense,16,seed_keywords_v1
Моспаркинг City,Synthetic no mcc operation моспаркинг,0,expense,16,seed_no_mcc_v1
Моспаркинг City,Synthetic моспаркинг purchase,7523,expense,16,seed_keywords_v1
Моспаркинг Express,Synthetic payment at моспаркинг,9222,expense,16,seed_keywords_v1
Моспаркинг Online,Synthetic online payment моспаркинг,7523,expense,16,seed_keywords_v1
Моспаркинг Pay,Synthetic card operation моспаркинг,9222,expense,16,seed_keywords_v1
Моспаркинг Store,Synthetic моспаркинг receipt,9399,expense,16,seed_keywords_v1
Парковка City,Synthetic парковка receipt,7523,expense,16,seed_keywords_v1
Парковка Express,Synthetic online payment парковка,9222,expense,16,seed_keywords_v1
Парковка Online,Synthetic no mcc operation парковка,0,expense,16,seed_no_mcc_v1
Парковка Online,Synthetic парковка purchase,9222,expense,16,seed_keywords_v1
Парковка Pay,Synthetic payment at парковка,9399,expense,16,seed_keywords_v1
Парковка Store,Synthetic card operation парковка,9399,expense,16,seed_keywords_v1
Цодд City,Synthetic card operation цодд,9222,expense,16,seed_keywords_v1
Цодд Express,Synthetic no mcc operation цодд,0,expense,16,seed_no_mcc_v1
Цодд Express,Synthetic цодд purchase,7523,expense,16,seed_keywords_v1
Цодд Online,Synthetic цодд receipt,9399,expense,16,seed_keywords_v1
Цодд Pay,Synthetic online payment цодд,7523,expense,16,seed_keywords_v1
Цодд Store,Synthetic payment at цодд,9222,expense,16,seed_keywords_v1
Штраф City,Synthetic штраф receipt,9399,expense,16,seed_keywords_v1
Штраф Express,Synthetic online payment штраф,7523,expense,16,seed_keywords_v1
Штраф Online,Synthetic no mcc operation штраф,0,expense,16,seed_no_mcc_v1
Штраф Online,Synthetic штраф purchase,7523,expense,16,seed_keywords_v1
Штраф Pay,Synthetic payment at штраф,9222,expense,16,seed_keywords_v1
Штраф Store,Synthetic card operation штраф,9222,expense,16,seed_keywords_v1
Amediateka City,Synthetic payment at amediateka,0,expense,17,seed_keywords_v1
Amediateka Express,Synthetic amediateka receipt,0,expense,17,seed_keywords_v1
Amediateka Online,Synthetic card operation amediateka,0,expense,17,seed_keywords_v1
Amediateka Pay,Synthetic amediateka purchase,0,expense,17,seed_keywords_v1
Amediateka Pay,Synthetic no mcc operation amediateka,0,expense,17,seed_no_mcc_v1
Amediateka Store,Synthetic online payment amediateka,0,expense,17,seed_keywords_v1
Ivi City,Synthetic online payment ivi,0,expense,17,seed_keywords_v1
Ivi Express,Synthetic card operation ivi,0,expense,17,seed_keywords_v1
Ivi Online,Synthetic payment at ivi,0,expense,17,seed_keywords_v1
Ivi Pay,Synthetic ivi receipt,0,expense,17,seed_keywords_v1
Ivi Store,Synthetic ivi purchase,0,expense,17,seed_keywords_v1
Ivi Store,Synthetic no mcc operation ivi,0,expense,17,seed_no_mcc_v1
Kinopoisk City,Synthetic card operation kinopoisk,0,expense,17,seed_keywords_v1
Kinopoisk Express,Synthetic kinopoisk purchase,0,expense,17,seed_keywords_v1
Kinopoisk Express,Synthetic no mcc operation kinopoisk,0,expense,17,seed_no_mcc_v1
Kinopoisk Online,Synthetic kinopoisk receipt,0,expense,17,seed_keywords_v1
Kinopoisk Pay,Synthetic online payment kinopoisk,0,expense,17,seed_keywords_v1
Kinopoisk Store,Synthetic payment at kinopoisk,0,expense,17,seed_keywords_v1
More Tv City,Synthetic card operation more tv,0,expense,17,seed_keywords_v1
More Tv Express,Synthetic more tv purchase,0,expense,17,seed_keywords_v1
More Tv Express,Synthetic no mcc operation more tv,0,expense,17,seed_no_mcc_v1
More Tv Online,Synthetic more tv receipt,0,expense,17,seed_keywords_v1
More Tv Pay,Synthetic online payment more tv,0,expense,17,seed_keywords_v1
More Tv Store,Synthetic payment at more tv,0,expense,17,seed_keywords_v1
Netflix City,Synthetic online payment netflix,0,expense,17,seed_keywords_v1
Netflix Express,Synthetic card operation netflix,0,expense,17,seed_keywords_v1
Netflix Online,Synthetic payment at netflix,0,expense,17,seed_keywords_v1
Netflix Pay,Synthetic netflix receipt,0,expense,17,seed_keywords_v1
Netflix Store,Synthetic netflix purchase,0,expense,17,seed_keywords_v1
Netflix Store,Synthetic no mcc operation netflix,0,expense,17,seed_no_mcc_v1
Okko City,Synthetic payment at okko,0,expense,17,seed_keywords_v1
Okko Express,Synthetic okko receipt,0,expense,17,seed_keywords_v1
Okko Online,Synthetic card operation okko,0,expense,17,seed_keywords_v1
Okko Pay,Synthetic no mcc operation okko,0,expense,17,seed_no_mcc_v1
Okko Pay,Synthetic okko purchase,0,expense,17,seed_keywords_v1
Okko Store,Synthetic online payment okko,0,expense,17,seed_keywords_v1
Premier City,Synthetic no mcc operation premier,0,expense,17,seed_no_mcc_v1
Premier City,Synthetic premier purchase,0,expense,17,seed_keywords_v1
Premier Express,Synthetic payment at premier,0,expense,17,seed_keywords_v1
Premier Online,Synthetic online payment premier,0,expense,17,seed_keywords_v1
Premier Pay,Synthetic card operation premier,0,expense,17,seed_keywords_v1
Premier Store,Synthetic premier receipt,0,expense,17,seed_keywords_v1
Spotify City,Synthetic spotify receipt,0,expense,17,seed_keywords_v1
Spotify Express,Synthetic online payment spotify,0,expense,17,seed_keywords_v1
Spotify Online,Synthetic no mcc operation spotify,0,expense,17,seed_no_mcc_v1
Spotify Online,Synthetic spotify purchase,0,expense,17,seed_keywords_v1
Spotify Pay,Synthetic payment at spotify,0,expense,17,seed_keywords_v1
Spotify Store,Synthetic card operation spotify,0,expense,17,seed_keywords_v1
Start City,Synthetic start receipt,0,expense,17,seed_keywords_v1
Start Express,Synthetic online payment start,0,expense,17,seed_keywords_v1
Start Online,Synthetic no mcc operation start,0,expense,17,seed_no_mcc_v1
Start Online,Synthetic start purchase,0,expense,17,seed_keywords_v1
Start Pay,Synthetic payment at start,0,expense,17,seed_keywords_v1
Start Store,Synthetic card operation start,0,expense,17,seed_keywords_v1
Subscription City,Synthetic subscription receipt,0,expense,17,seed_keywords_v1
Subscription Express,Synthetic online payment subscription,0,expense,17,seed_keywords_v1
Subscription Online,Synthetic no mcc operation subscription,0,expense,17,seed_no_mcc_v1
Subscription Online,Synthetic subscription purchase,0,expense,17,seed_keywords_v1
Subscription Pay,Synthetic payment at subscription,0,expense,17,seed_keywords_v1
Subscription Store,Synthetic card operation subscription,0,expense,17,seed_keywords_v1
Yandex Plus City,Synthetic no mcc operation yandex plus,0,expense,17,seed_no_mcc_v1
Yandex Plus City,Synthetic yandex plus purchase,0,expense,17,seed_keywords_v1
Yandex Plus Express,Synthetic payment at yandex plus,0,expense,17,seed_keywords_v1
Yandex Plus Online,Synthetic online payment yandex plus,0,expense,17,seed_keywords_v1
Yandex Plus Pay,Synthetic card operation yandex plus,0,expense,17,seed_keywords_v1
Yandex Plus Store,Synthetic yandex plus receipt,0,expense,17,seed_keywords_v1
Youtube Premium City,Synthetic payment at youtube premium,0,expense,17,seed_keywords_v1
Youtube Premium Express,Synthetic youtube premium receipt,0,expense,17,seed_keywords_v1
Youtube Premium Online,Synthetic card operation youtube premium,0,expense,17,seed_keywords_v1
Youtube Premium Pay,Synthetic no mcc operation youtube premium,0,expense,17,seed_no_mcc_v1
Youtube Premium Pay,Synthetic youtube premium purchase,0,expense,17,seed_keywords_v1
Youtube Premium Store,Synthetic online payment youtube premium,0,expense,17,seed_keywords_v1
Иви City,Synthetic иви receipt,0,expense,17,seed_keywords_v1
Иви Express,Synthetic online payment иви,0,expense,17,seed_keywords_v1
Иви Online,Synthetic no mcc operation иви,0,expense,17,seed_no_mcc_v1
Иви Online,Synthetic иви purchase,0,expense,17,seed_keywords_v1
Иви Pay,Synthetic payment at иви,0,expense,17,seed_keywords_v1
Иви Store,Synthetic card operation иви,0,expense,17,seed_keywords_v1
Кинопоиск City,Synthetic online payment кинопоиск,0,expense,17,seed_keywords_v1
Кинопоиск Express,Synthetic card operation кинопоиск,0,expense,17,seed_keywords_v1
Кинопоиск Online,Synthetic payment at кинопоиск,0,expense,17,seed_keywords_v1
Кинопоиск Pay,Synthetic кинопоиск receipt,0,expense,17,seed_keywords_v1
Кинопоиск Store,Synthetic no mcc operation кинопоиск,0,expense,17,seed_no_mcc_v1
Кинопоиск Store,Synthetic кинопоиск purchase,0,expense,17,seed_keywords_v1
Окко City,Synthetic no mcc operation окко,0,expense,17,seed_no_mcc_v1
Окко City,Synthetic окко purchase,0,expense,17,seed_keywords_v1
Окко Express,Synthetic payment at окко,0,expense,17,seed_keywords_v1
Окко Online,Synthetic online payment окко,0,expense,17,seed_keywords_v1
Окко Pay,Synthetic card operation окко,0,expense,17,seed_keywords_v1
Окко Store,Synthetic окко receipt,0,expense,17,seed_keywords_v1
Подписка City,Synthetic online payment подписка,0,expense,17,seed_keywords_v1
Подписка Express,Synthetic card operation подписка,0,expense,17,seed_keywords_v1
Подписка Online,Synthetic payment at подписка,0,expense,17,seed_keywords_v1
Подписка Pay,Synthetic подписка receipt,0,expense,17,seed_keywords_v1
Подписка Store,Synthetic no mcc operation подписка,0,expense,17,seed_no_mcc_v1
Подписка Store,Synthetic подписка purchase,0,expense,17,seed_keywords_v1
Яндекс Плюс City,Synthetic card operation яндекс плюс,0,expense,17,seed_keywords_v1
Яндекс Плюс Express,Synthetic no mcc operation яндекс плюс,0,expense,17,seed_no_mcc_v1
Яндекс Плюс Express,Synthetic яндекс плюс purchase,0,expense,17,seed_keywords_v1
Яндекс Плюс Online,Synthetic яндекс плюс receipt,0,expense,17,seed_keywords_v1
Яндекс Плюс Pay,Synthetic online payment яндекс плюс,0,expense,17,seed_keywords_v1
Яндекс Плюс Store,Synthetic payment at яндекс плюс,0,expense,17,seed_keywords_v1
Blizzard City,Synthetic blizzard receipt,5816,expense,18,seed_keywords_v1
Blizzard Express,Synthetic online payment blizzard,7994,expense,18,seed_keywords_v1
Blizzard Online,Synthetic no mcc operation blizzard,0,expense,18,seed_no_mcc_v1
Blizzard Online,Synthetic blizzard purchase,5816,expense,18,seed_keywords_v1
Blizzard Pay,Synthetic payment at blizzard,7994,expense,18,seed_keywords_v1
Blizzard Store,Synthetic card operation blizzard,5816,expense,18,seed_keywords_v1
Donationalerts City,Synthetic donationalerts receipt,7994,expense,18,seed_keywords_v1
Donationalerts Express,Synthetic online payment donationalerts,5816,expense,18,seed_keywords_v1
Donationalerts Online,Synthetic no mcc operation donationalerts,0,expense,18,seed_no_mcc_v1
Donationalerts Online,Synthetic donationalerts purchase,7994,expense,18,seed_keywords_v1
Donationalerts Pay,Synthetic payment at donationalerts,5816,expense,18,seed_keywords_v1
Donationalerts Store,Synthetic card operation donationalerts,7994,expense,18,seed_keywords_v1
Epic Games City,Synthetic no mcc operation epic games,0,expense,18,seed_no_mcc_v1
Epic Games City,Synthetic epic games purchase,5816,expense,18,seed_keywords_v1
Epic Games Express,Synthetic payment at epic games,7994,expense,18,seed_keywords_v1
Epic Games Online,Synthetic online payment epic games,7994,expense,18,seed_keywords_v1
Epic Games Pay,Synthetic card operation epic games,5816,expense,18,seed_keywords_v1
Epic Games Store,Synthetic epic games receipt,5816,expense,18,seed_keywords_v1
Game City,Synthetic payment at game,7994,expense,18,seed_keywords_v1
Game Express,Synthetic game receipt,5816,expense,18,seed_keywords_v1
Game Online,Synthetic card operation game,5816,expense,18,seed_keywords_v1
Game Pay,Synthetic no mcc operation game,0,expense,18,seed_no_mcc_v1
Game Pay,Synthetic game purchase,5816,expense,18,seed_keywords_v1
Game Store,Synthetic online payment game,7994,expense,18,seed_keywords_v1
Gog City,Synthetic payment at gog,5816,expense,18,seed_keywords_v1
Gog Express,Synthetic gog receipt,7994,expense,18,seed_keywords_v1
Gog Online,Synthetic card operation gog,7994,expense,18,seed_keywords_v1
Gog Pay,Synthetic no mcc operation gog,0,expense,18,seed_no_mcc_v1
Gog Pay,Synthetic gog purchase,7994,expense,18,seed_keywords_v1
Gog Store,Synthetic online payment gog,5816,expense,18,seed_keywords_v1
My Games City,Synthetic online payment my games,7994,expense,18,seed_keywords_v1
My Games Express,Synthetic card operation my games,5816,expense,18,seed_keywords_v1
My Games Online,Synthetic payment at my games,7994,expense,18,seed_keywords_v1
My Games Pay,Synthetic my games receipt,5816,expense,18,seed_keywords_v1
My Games Store,Synthetic no mcc operation my games,0,expense,18,seed_no_mcc_v1
My Games Store,Synthetic my games purchase,5816,expense,18,seed_keywords_v1
Nintendo City,Synthetic online payment nintendo,5816,expense,18,seed_keywords_v1
Nintendo Express,Synthetic card operation nintendo,7994,expense,18,seed_keywords_v1
Nintendo Online,Synthetic payment at nintendo,5816,expense,18,seed_keywords_v1
Nintendo Pay,Synthetic nintendo receipt,7994,expense,18,seed_keywords_v1
Nintendo Store,Synthetic no mcc operation nintendo,0,expense,18,seed_no_mcc_v1
Nintendo Store,Synthetic nintendo purchase,7994,expense,18,seed_keywords_v1
Playstation City,Synthetic payment at playstation,7994,expense,18,seed_keywords_v1
Playstation Express,Synthetic playstation receipt,5816,expense,18,seed_keywords_v1
Playstation Online,Synthetic card operation playstation,5816,expense,18,seed_keywords_v1
Playstation Pay,Synthetic no mcc operation playstation,0,expense,18,seed_no_mcc_v1
Playstation Pay,Synthetic playstation purchase,5816,expense,18,seed_keywords_v1
Playstation Store,Synthetic online payment playstation,7994,expense,18,seed_keywords_v1
Psn City,Synthetic no mcc operation psn,0,expense,18,seed_no_mcc_v1
Psn City,Synthetic psn purchase,7994,expense,18,seed_keywords_v1
Psn Express,Synthetic payment at psn,5816,expense,18,seed_keywords_v1
Psn Online,Synthetic online payment psn,5816,expense,18,seed_keywords_v1
Psn Pay,Synthetic card operation psn,7994,expense,18,seed_keywords_v1
Psn Store,Synthetic psn receipt,7994,expense,18,seed_keywords_v1
Steam City,Synthetic online payment steam,7994,expense,18,seed_keywords_v1
Steam Express,Synthetic card operation steam,5816,expense,18,seed_keywords_v1
Steam Online,Synthetic payment at steam,7994,expense,18,seed_keywords_v1
Steam Pay,Synthetic steam receipt,5816,expense,18,seed_keywords_v1
Steam Store,Synthetic no mcc operation steam,0,expense,18,seed_no_mcc_v1
Steam Store,Synthetic steam purchase,5816,expense,18,seed_keywords_v1
Wargaming City,Synthetic card operation wargaming,7994,expense,18,seed_keywords_v1
Wargaming Express,Synthetic no mcc operation wargaming,0,expense,18,seed_no_mcc_v1
Wargaming Express,Synthetic wargaming purchase,7994,expense,18,seed_keywords_v1
Wargaming Online,Synthetic wargaming receipt,7994,expense,18,seed_keywords_v1
Wargaming Pay,Synthetic online payment wargaming,5816,expense,18,seed_keywords_v1
Wargaming Store,Synthetic payment at wargaming,5816,expense,18,seed_keywords_v1
Xbox City,Synthetic card operation xbox,5816,expense,18,seed_keywords_v1
Xbox Express,Synthetic no mcc operation xbox,0,expense,18,seed_no_mcc_v1
Xbox Express,Synthetic xbox purchase,5816,expense,18,seed_keywords_v1
Xbox Online,Synthetic xbox receipt,5816,expense,18,seed_keywords_v1
Xbox Pay,Synthetic online payment xbox,7994,expense,18,seed_keywords_v1
Xbox Store,Synthetic payment at xbox,7994,expense,18,seed_keywords_v1
Игры City,Synthetic no mcc operation игры,0,expense,18,seed_no_mcc_v1
Игры City,Synthetic игры purchase,7994,expense,18,seed_keywords_v1
Игры Express,Synthetic payment at игры,5816,expense,18,seed_keywords_v1
Игры Online,Synthetic online payment игры,5816,expense,18,seed_keywords_v1
Игры Pay,Synthetic card operation игры,7994,expense,18,seed_keywords_v1
Игры Store,Synthetic игры receipt,7994,expense,18,seed_keywords_v1
Стим City,Synthetic стим receipt,7994,expense,18,seed_keywords_v1
Стим Express,Synthetic online payment стим,5816,expense,18,seed_keywords_v1
Стим Online,Synthetic no mcc operation стим,0,expense,18,seed_no_mcc_v1
Стим Online,Synthetic стим purchase,7994,expense,18,seed_keywords_v1
Стим Pay,Synthetic payment at стим,5816,expense,18,seed_keywords_v1
Стим Store,Synthetic card operation стим,7994,expense,18,seed_keywords_v1
Aliexpress City,Synthetic online payment aliexpress,5964,expense,19,seed_keywords_v1
Aliexpress Express,Synthetic card operation aliexpress,5999,expense,19,seed_keywords_v1
Aliexpress Online,Synthetic payment at aliexpress,5331,expense,19,seed_keywords_v1
Aliexpress Pay,Synthetic aliexpress receipt,5399,expense,19,seed_keywords_v1
Aliexpress Store,Synthetic no mcc operation aliexpress,0,expense,19,seed_no_mcc_v1
Aliexpress Store,Synthetic aliexpress purchase,5311,expense,19,seed_keywords_v1
Kazanexpress City,Synthetic card operation kazanexpress,5964,expense,19,seed_keywords_v1
Kazanexpress Express,Synthetic no mcc operation kazanexpress,0,expense,19,seed_no_mcc_v1
Kazanexpress Express,Synthetic kazanexpress purchase,5999,expense,19,seed_keywords_v1
Kazanexpress Online,Synthetic kazanexpress receipt,5331,expense,19,seed_keywords_v1
Kazanexpress Pay,Synthetic online payment kazanexpress,5399,expense,19,seed_keywords_v1
Kazanexpress Store,Synthetic payment at kazanexpress,5311,expense,19,seed_keywords_v1
Ozon City,Synthetic online payment ozon,5964,expense,19,seed_keywords_v1
Ozon Express,Synthetic card operation ozon,5999,expense,19,seed_keywords_v1
Ozon Online,Synthetic payment at ozon,5331,expense,19,seed_keywords_v1
Ozon Pay,Synthetic ozon receipt,5399,expense,19,seed_keywords_v1
Ozon Store,Synthetic no mcc operation ozon,0,expense,19,seed_no_mcc_v1
Ozon Store,Synthetic ozon purchase,5311,expense,19,seed_keywords_v1
Sbermegamarket City,Synthetic online payment sbermegamarket,5964,expense,19,seed_keywords_v1
Sbermegamarket Express,Synthetic card operation sbermegamarket,5999,expense,19,seed_keywords_v1
Sbermegamarket Online,Synthetic payment at sbermegamarket,5331,expense,19,seed_keywords_v1
Sbermegamarket Pay,Synthetic sbermegamarket receipt,5399,expense,19,seed_keywords_v1
Sbermegamarket Store,Synthetic no mcc operation sbermegamarket,0,expense,19,seed_no_mcc_v1
Sbermegamarket Store,Synthetic sbermegamarket purchase,5311,expense,19,seed_keywords_v1
Wb Retail City,Synthetic card operation wb retail,5964,expense,19,seed_keywords_v1
Wb Retail Express,Synthetic no mcc operation wb retail,0,expense,19,seed_no_mcc_v1
Wb Retail Express,Synthetic wb retail purchase,5999,expense,19,seed_keywords_v1
Wb Retail Online,Synthetic wb retail receipt,5331,expense,19,seed_keywords_v1
Wb Retail Pay,Synthetic online payment wb retail,5399,expense,19,seed_keywords_v1
Wb Retail Store,Synthetic payment at wb retail,5311,expense,19,seed_keywords_v1
Wildberries City,Synthetic payment at wildberries,5964,expense,19,seed_keywords_v1
Wildberries Express,Synthetic wildberries receipt,5999,expense,19,seed_keywords_v1
Wildberries Online,Synthetic card operation wildberries,5331,expense,19,seed_keywords_v1
Wildberries Pay,Synthetic no mcc operation wildberries,0,expense,19,seed_no_mcc_v1
Wildberries Pay,Synthetic wildberries purchase,5399,expense,19,seed_keywords_v1
Wildberries Store,Synthetic online payment wildberries,5311,expense,19,seed_keywords_v1
Yandex Market City,Synthetic payment at yandex market,5964,expense,19,seed_keywords_v1
Yandex Market Express,Synthetic yandex market receipt,5999,expense,19,seed_keywords_v1
Yandex Market Online,Synthetic card operation yandex market,5331,expense,19,seed_keywords_v1
Yandex Market Pay,Synthetic no mcc operation yandex market,0,expense,19,seed_no_mcc_v1
Yandex Market Pay,Synthetic yandex market purchase,5399,expense,19,seed_keywords_v1
Yandex Market Store,Synthetic online payment yandex market,5311,expense,19,seed_keywords_v1
Алиэкспресс City,Synthetic алиэкспресс receipt,5964,expense,19,seed_keywords_v1
Алиэкспресс Express,Synthetic online payment алиэкспресс,5999,expense,19,seed_keywords_v1
Алиэкспресс Online,Synthetic no mcc operation алиэкспресс,0,expense,19,seed_no_mcc_v1
Алиэкспресс Online,Synthetic алиэкспресс purchase,5331,expense,19,seed_keywords_v1
Алиэкспресс Pay,Synthetic payment at алиэкспресс,5399,expense,19,seed_keywords_v1
Алиэкспресс Store,Synthetic card operation алиэкспресс,5311,expense,19,seed_keywords_v1
Вайлдберриз City,Synthetic no mcc operation вайлдберриз,0,expense,19,seed_no_mcc_v1
Вайлдберриз City,Synthetic вайлдберриз purchase,5964,expense,19,seed_keywords_v1
Вайлдберриз Express,Synthetic payment at вайлдберриз,5999,expense,19,seed_keywords_v1
Вайлдберриз Online,Synthetic online payment вайлдберриз,5331,expense,19,seed_keywords_v1
Вайлдберриз Pay,Synthetic card operation вайлдберриз,5399,expense,19,seed_keywords_v1
Вайлдберриз Store,Synthetic вайлдберриз receipt,5311,expense,19,seed_keywords_v1
Маркетплейс City,Synthetic payment at маркетплейс,5964,expense,19,seed_keywords_v1
Маркетплейс Express,Synthetic маркетплейс receipt,5999,expense,19,seed_keywords_v1
Маркетплейс Online,Synthetic card operation маркетплейс,5331,expense,19,seed_keywords_v1
Маркетплейс Pay,Synthetic no mcc operation маркетплейс,0,expense,19,seed_no_mcc_v1
Маркетплейс Pay,Synthetic маркетплейс purchase,5399,expense,19,seed_keywords_v1
Маркетплейс Store,Synthetic online payment маркетплейс,5311,expense,19,seed_keywords_v1
Мегамаркет City,Synthetic мегамаркет receipt,5964,expense,19,seed_keywords_v1
Мегамаркет Express,Synthetic online payment мегамаркет,5999,expense,19,seed_keywords_v1
Мегамаркет Online,Synthetic no mcc operation мегамаркет,0,expense,19,seed_no_mcc_v1
Мегамаркет Online,Synthetic мегамаркет purchase,5331,expense,19,seed_keywords_v1
Мегамаркет Pay,Synthetic payment at мегамаркет,5399,expense,19,seed_keywords_v1
Мегамаркет Store,Synthetic card operation мегамаркет,5311,expense,19,seed_keywords_v1
Озон City,Synthetic озон receipt,5964,expense,19,seed_keywords_v1
Озон Express,Synthetic online payment озон,5999,expense,19,seed_keywords_v1
Озон Online,Synthetic no mcc operation озон,0,expense,19,seed_no_mcc_v1
Озон Online,Synthetic озон purchase,5331,expense,19,seed_keywords_v1
Озон Pay,Synthetic payment at озон,5399,expense,19,seed_keywords_v1
Озон Store,Synthetic card operation озон,5311,expense,19,seed_keywords_v1
Яндекс Маркет City,Synthetic no mcc operation яндекс маркет,0,expense,19,seed_no_mcc_v1
Яндекс Маркет City,Synthetic яндекс маркет purchase,5964,expense,19,seed_keywords_v1
Яндекс Маркет Express,Synthetic payment at яндекс маркет,5999,expense,19,seed_keywords_v1
Яндекс Маркет Online,Synthetic online payment яндекс маркет,5331,expense,19,seed_keywords_v1
Яндекс Маркет Pay,Synthetic card operation яндекс маркет,5399,expense,19,seed_keywords_v1
Яндекс Маркет Store,Synthetic яндекс маркет receipt,5311,expense,19,seed_keywords_v1
Aeroexpress City,Synthetic card operation aeroexpress,4112,expense,20,seed_keywords_v1
Aeroexpress Express,Synthetic no mcc operation aeroexpress,0,expense,20,seed_no_mcc_v1
Aeroexpress Express,Synthetic aeroexpress purchase,4112,expense,20,seed_keywords_v1
Aeroexpress Online,Synthetic aeroexpress receipt,4789,expense,20,seed_keywords_v1
Aeroexpress Pay,Synthetic online payment aeroexpress,4111,expense,20,seed_keywords_v1
Aeroexpress Store,Synthetic payment at aeroexpress,4131,expense,20,seed_keywords_v1
Metro Pass City,Synthetic online payment metro pass,4112,expense,20,seed_keywords_v1
Metro Pass Express,Synthetic card operation metro pass,4131,expense,20,seed_keywords_v1
Metro Pass Online,Synthetic payment at metro pass,4789,expense,20,seed_keywords_v1
Metro Pass Pay,Synthetic metro pass receipt,4111,expense,20,seed_keywords_v1
Metro Pass Store,Synthetic no mcc operation metro pass,0,expense,20,seed_no_mcc_v1
Metro Pass Store,Synthetic metro pass purchase,4131,expense,20,seed_keywords_v1
Mosmetro City,Synthetic online payment mosmetro,4789,expense,20,seed_keywords_v1
Mosmetro Express,Synthetic card operation mosmetro,4111,expense,20,seed_keywords_v1
Mosmetro Online,Synthetic payment at mosmetro,4112,expense,20,seed_keywords_v1
Mosmetro Pay,Synthetic mosmetro receipt,4131,expense,20,seed_keywords_v1
Mosmetro Store,Synthetic no mcc operation mosmetro,0,expense,20,seed_no_mcc_v1
Mosmetro Store,Synthetic mosmetro purchase,4111,expense,20,seed_keywords_v1
Rzd City,Synthetic rzd receipt,4111,expense,20,seed_keywords_v1
Rzd Express,Synthetic online payment rzd,4112,expense,20,seed_keywords_v1
Rzd Online,Synthetic no mcc operation rzd,0,expense,20,seed_no_mcc_v1
Rzd Online,Synthetic rzd purchase,4131,expense,20,seed_keywords_v1
Rzd Pay,Synthetic payment at rzd,4789,expense,20,seed_keywords_v1
Rzd Store,Synthetic card operation rzd,4131,expense,20,seed_keywords_v1
Strelka City,Synthetic card operation strelka,4111,expense,20,seed_keywords_v1
Strelka Express,Synthetic no mcc operation strelka,0,expense,20,seed_no_mcc_v1
Strelka Express,Synthetic strelka purchase,4111,expense,20,seed_keywords_v1
Strelka Online,Synthetic strelka receipt,4131,expense,20,seed_keywords_v1
Strelka Pay,Synthetic online payment strelka,4789,expense,20,seed_keywords_v1
Strelka Store,Synthetic payment at strelka,4112,expense,20,seed_keywords_v1
Troika City,Synthetic no mcc operation troika,0,expense,20,seed_no_mcc_v1
Troika City,Synthetic troika purchase,4789,expense,20,seed_keywords_v1
Troika Express,Synthetic payment at troika,4111,expense,20,seed_keywords_v1
Troika Online,Synthetic online payment troika,4131,expense,20,seed_keywords_v1
Troika Pay,Synthetic card operation troika,4789,expense,20,seed_keywords_v1
Troika Store,Synthetic troika receipt,4112,expense,20,seed_keywords_v1
Автобус City,Synthetic автобус receipt,4112,expense,20,seed_keywords_v1
Автобус Express,Synthetic online payment автобус,4131,expense,20,seed_keywords_v1
Автобус Online,Synthetic no mcc operation автобус,0,expense,20,seed_no_mcc_v1
Автобус Online,Synthetic автобус purchase,4789,expense,20,seed_keywords_v1
Автобус Pay,Synthetic payment at автобус,4111,expense,20,seed_keywords_v1
Автобус Store,Synthetic card operation автобус,4789,expense,20,seed_keywords_v1
Аэроэкспресс City,Synthetic no mcc operation аэроэкспресс,0,expense,20,seed_no_mcc_v1
Аэроэкспресс City,Synthetic аэроэкспресс purchase,4111,expense,20,seed_keywords_v1
Аэроэкспресс Express,Synthetic payment at аэроэкспресс,4112,expense,20,seed_keywords_v1
Аэроэкспресс Online,Synthetic online payment аэроэкспресс,4789,expense,20,seed_keywords_v1
Аэроэкспресс Pay,Synthetic card operation аэроэкспресс,4111,expense,20,seed_keywords_v1
Аэроэкспресс Store,Synthetic аэроэкспресс receipt,4131,expense,20,seed_keywords_v1
Мосметро City,Synthetic мосметро receipt,4789,expense,20,seed_keywords_v1
Мосметро Express,Synthetic online payment мосметро,4111,expense,20,seed_keywords_v1
Мосметро Online,Synthetic no mcc operation мосметро,0,expense,20,seed_no_mcc_v1
Мосметро Online,Synthetic мосметро purchase,4112,expense,20,seed_keywords_v1
Мосметро Pay,Synthetic payment at мосметро,4131,expense,20,seed_keywords_v1
Мосметро Store,Synthetic card operation мосметро,4112,expense,20,seed_keywords_v1
Ржд City,Synthetic payment at ржд,4111,expense,20,seed_keywords_v1
Ржд Express,Synthetic ржд receipt,4112,expense,20,seed_keywords_v1
Ржд Online,Synthetic card operation ржд,4789,expense,20,seed_keywords_v1
Ржд Pay,Synthetic no mcc operation ржд,0,expense,20,seed_no_mcc_v1
Ржд Pay,Synthetic ржд purchase,4789,expense,20,seed_keywords_v1
Ржд Store,Synthetic online payment ржд,4131,expense,20,seed_keywords_v1
Стрелка City,Synthetic online payment стрелка,4111,expense,20,seed_keywords_v1
Стрелка Express,Synthetic card operation стрелка,4112,expense,20,seed_keywords_v1
Стрелка Online,Synthetic payment at стрелка,4131,expense,20,seed_keywords_v1
Стрелка Pay,Synthetic стрелка receipt,4789,expense,20,seed_keywords_v1
Стрелка Store,Synthetic no mcc operation стрелка,0,expense,20,seed_no_mcc_v1
Стрелка Store,Synthetic стрелка purchase,4112,expense,20,seed_keywords_v1
Транспорт City,Synthetic payment at транспорт,4112,expense,20,seed_keywords_v1
Транспорт Express,Synthetic транспорт receipt,4131,expense,20,seed_keywords_v1
Транспорт Online,Synthetic card operation транспорт,4111,expense,20,seed_keywords_v1
Транспорт Pay,Synthetic no mcc operation транспорт,0,expense,20,seed_no_mcc_v1
Транспорт Pay,Synthetic транспорт purchase,4111,expense,20,seed_keywords_v1
Транспорт Store,Synthetic online payment транспорт,4789,expense,20,seed_keywords_v1
Тройка City,Synthetic payment at тройка,4789,expense,20,seed_keywords_v1
Тройка Express,Synthetic тройка receipt,4111,expense,20,seed_keywords_v1
Тройка Online,Synthetic card operation тройка,4131,expense,20,seed_keywords_v1
Тройка Pay,Synthetic no mcc operation тройка,0,expense,20,seed_no_mcc_v1
Тройка Pay,Synthetic тройка purchase,4131,expense,20,seed_keywords_v1
Тройка Store,Synthetic online payment тройка,4112,expense,20,seed_keywords_v1
Belkacar City,Synthetic card operation belkacar,7512,expense,21,seed_keywords_v1
Belkacar Express,Synthetic no mcc operation belkacar,0,expense,21,seed_no_mcc_v1
Belkacar Express,Synthetic belkacar purchase,7512,expense,21,seed_keywords_v1
Belkacar Online,Synthetic belkacar receipt,7512,expense,21,seed_keywords_v1
Belkacar Pay,Synthetic online payment belkacar,4121,expense,21,seed_keywords_v1
Belkacar Store,Synthetic payment at belkacar,4121,expense,21,seed_keywords_v1
Citidrive City,Synthetic citidrive receipt,7512,expense,21,seed_keywords_v1
Citidrive Express,Synthetic online payment citidrive,4121,expense,21,seed_keywords_v1
Citidrive Online,Synthetic no mcc operation citidrive,0,expense,21,seed_no_mcc_v1
Citidrive Online,Synthetic citidrive purchase,7512,expense,21,seed_keywords_v1
Citidrive Pay,Synthetic payment at citidrive,4121,expense,21,seed_keywords_v1
Citidrive Store,Synthetic card operation citidrive,7512,expense,21,seed_keywords_v1
Citymobil City,Synthetic online payment citymobil,4121,expense,21,seed_keywords_v1
Citymobil Express,Synthetic card operation citymobil,7512,expense,21,seed_keywords_v1
Citymobil Online,Synthetic payment at citymobil,4121,expense,21,seed_keywords_v1
Citymobil Pay,Synthetic citymobil receipt,7512,expense,21,seed_keywords_v1
Citymobil Store,Synthetic no mcc operation citymobil,0,expense,21,seed_no_mcc_v1
Citymobil Store,Synthetic citymobil purchase,7512,expense,21,seed_keywords_v1
Delimobil City,Synthetic payment at delimobil,4121,expense,21,seed_keywords_v1
Delimobil Express,Synthetic delimobil receipt,7512,expense,21,seed_keywords_v1
Delimobil Online,Synthetic card operation delimobil,7512,expense,21,seed_keywords_v1
Delimobil Pay,Synthetic no mcc operation delimobil,0,expense,21,seed_no_mcc_v1
Delimobil Pay,Synthetic delimobil purchase,7512,expense,21,seed_keywords_v1
Delimobil Store,Synthetic online payment delimobil,4121,expense,21,seed_keywords_v1
Gettaxi City,Synthetic card operation gettaxi,4121,expense,21,seed_keywords_v1
Gettaxi Express,Synthetic no mcc operation gettaxi,0,expense,21,seed_no_mcc_v1
Gettaxi Express,Synthetic gettaxi purchase,4121,expense,21,seed_keywords_v1
Gettaxi Online,Synthetic gettaxi receipt,4121,expense,21,seed_keywords_v1
Gettaxi Pay,Synthetic online payment gettaxi,7512,expense,21,seed_keywords_v1
Gettaxi Store,Synthetic payment at gettaxi,7512,expense,21,seed_keywords_v1
Indriver City,Synthetic no mcc operation indriver,0,expense,21,seed_no_mcc_v1
Indriver City,Synthetic indriver purchase,7512,expense,21,seed_keywords_v1
Indriver Express,Synthetic payment at indriver,4121,expense,21,seed_keywords_v1
Indriver Online,Synthetic online payment indriver,4121,expense,21,seed_keywords_v1
Indriver Pay,Synthetic card operation indriver,7512,expense,21,seed_keywords_v1
Indriver Store,Synthetic indriver receipt,7512,expense,21,seed_keywords_v1
Maxim City,Synthetic payment at maxim,7512,expense,21,seed_keywords_v1
Maxim Express,Synthetic maxim receipt,4121,expense,21,seed_keywords_v1
Maxim Online,Synthetic card operation maxim,4121,expense,21,seed_keywords_v1
Maxim Pay,Synthetic no mcc operation maxim,0,expense,21,seed_no_mcc_v1
Maxim Pay,Synthetic maxim purchase,4121,expense,21,seed_keywords_v1
Maxim Store,Synthetic online payment maxim,7512,expense,21,seed_keywords_v1
Taxi City,Synthetic card operation taxi,4121,expense,21,seed_keywords_v1
Taxi Express,Synthetic no mcc operation taxi,0,expense,21,seed_no_mcc_v1
Taxi Express,Synthetic taxi purchase,4121,expense,21,seed_keywords_v1
Taxi Online,Synthetic taxi receipt,4121,expense,21,seed_keywords_v1
Taxi Pay,Synthetic online payment taxi,7512,expense,21,seed_keywords_v1
Taxi Store,Synthetic payment at taxi,7512,expense,21,seed_keywords_v1
Uber City,Synthetic no mcc operation uber,0,expense,21,seed_no_mcc_v1
Uber City,Synthetic uber purchase,7512,expense,21,seed_keywords_v1
Uber Express,Synthetic payment at uber,4121,expense,21,seed_keywords_v1
Uber Online,Synthetic online payment uber,4121,expense,21,seed_keywords_v1
Uber Pay,Synthetic card operation uber,7512,expense,21,seed_keywords_v1
Uber Store,Synthetic uber receipt,7512,expense,21,seed_keywords_v1
Yandex Go City,Synthetic payment at yandex go,7512,expense,21,seed_keywords_v1
Yandex Go Express,Synthetic yandex go receipt,4121,expense,21,seed_keywords_v1
Yandex Go Online,Synthetic card operation yandex go,4121,expense,21,seed_keywords_v1
Yandex Go Pay,Synthetic no mcc operation yandex go,0,expense,21,seed_no_mcc_v1
Yandex Go Pay,Synthetic yandex go purchase,4121,expense,21,seed_keywords_v1
Yandex Go Store,Synthetic online payment yandex go,7512,expense,21,seed_keywords_v1
Yandex Taxi City,Synthetic online payment yandex taxi,7512,expense,21,seed_keywords_v1
Yandex Taxi Express,Synthetic card operation yandex taxi,4121,expense,21,seed_keywords_v1
Yandex Taxi Online,Synthetic payment at yandex taxi,7512,expense,21,seed_keywords_v1
Yandex Taxi Pay,Synthetic yandex taxi receipt,4121,expense,21,seed_keywords_v1
Yandex Taxi Store,Synthetic no mcc operation yandex taxi,0,expense,21,seed_no_mcc_v1
Yandex Taxi Store,Synthetic yandex taxi purchase,4121,expense,21,seed_keywords_v1
Youdrive City,Synthetic online payment youdrive,7512,expense,21,seed_keywords_v1
Youdrive Express,Synthetic card operation youdrive,4121,expense,21,seed_keywords_v1
Youdrive Online,Synthetic payment at youdrive,7512,expense,21,seed_keywords_v1
Youdrive Pay,Synthetic youdrive receipt,4121,expense,21,seed_keywords_v1
Youdrive Store,Synthetic no mcc operation youdrive,0,expense,21,seed_no_mcc_v1
Youdrive Store,Synthetic youdrive purchase,4121,expense,21,seed_keywords_v1
Делимобиль City,Synthetic no mcc operation делимобиль,0,expense,21,seed_no_mcc_v1
Делимобиль City,Synthetic делимобиль purchase,4121,expense,21,seed_keywords_v1
Делимобиль Express,Synthetic payment at делимобиль,7512,expense,21,seed_keywords_v1
Делимобиль Online,Synthetic online payment делимобиль,7512,expense,21,seed_keywords_v1
Делимобиль Pay,Synthetic card operation делимобиль,4121,expense,21,seed_keywords_v1
Делимобиль Store,Synthetic делимобиль receipt,4121,expense,21,seed_keywords_v1
Ситимобил City,Synthetic ситимобил receipt,4121,expense,21,seed_keywords_v1
Ситимобил Express,Synthetic online payment ситимобил,7512,expense,21,seed_keywords_v1
Ситимобил Online,Synthetic no mcc operation ситимобил,0,expense,21,seed_no_mcc_v1
Ситимобил Online,Synthetic ситимобил purchase,4121,expense,21,seed_keywords_v1
Ситимобил Pay,Synthetic payment at ситимобил,7512,expense,21,seed_keywords_v1
Ситимобил Store,Synthetic card operation ситимобил,4121,expense,21,seed_keywords_v1
Такси City,Synthetic online payment такси,4121,expense,21,seed_keywords_v1
Такси Express,Synthetic card operation такси,7512,expense,21,seed_keywords_v1
Такси Online,Synthetic payment at такси,4121,expense,21,seed_keywords_v1
Такси Pay,Synthetic такси receipt,7512,expense,21,seed_keywords_v1
Такси Store,Synthetic no mcc operation такси,0,expense,21,seed_no_mcc_v1
Такси Store,Synthetic такси purchase,7512,expense,21,seed_keywords_v1
Яндекс Такси City,Synthetic яндекс такси receipt,7512,expense,21,seed_keywords_v1
Яндекс Такси Express,Synthetic online payment яндекс такси,4121,expense,21,seed_keywords_v1
Яндекс Такси Online,Synthetic no mcc operation яндекс такси,0,expense,21,seed_no_mcc_v1
Яндекс Такси Online,Synthetic яндекс такси purchase,7512,expense,21,seed_keywords_v1
Яндекс Такси Pay,Synthetic payment at яндекс такси,4121,expense,21,seed_keywords_v1
Яндекс Такси Store,Synthetic card operation яндекс такси,7512,expense,21,seed_keywords_v1
Dom Ru City,Synthetic payment at dom ru,4900,expense,22,seed_keywords_v1
Dom Ru Express,Synthetic dom ru receipt,4900,expense,22,seed_keywords_v1
Dom Ru Online,Synthetic card operation dom ru,4900,expense,22,seed_keywords_v1
Dom Ru Pay,Synthetic no mcc operation dom ru,0,expense,22,seed_no_mcc_v1
Dom Ru Pay,Synthetic dom ru purchase,4900,expense,22,seed_keywords_v1
Dom Ru Store,Synthetic online payment dom ru,4900,expense,22,seed_keywords_v1
Erc City,Synthetic no mcc operation erc,0,expense,22,seed_no_mcc_v1
Erc City,Synthetic erc purchase,4900,expense,22,seed_keywords_v1
Erc Express,Synthetic payment at erc,4900,expense,22,seed_keywords_v1
Erc Online,Synthetic online payment erc,4900,expense,22,seed_keywords_v1
Erc Pay,Synthetic card operation erc,4900,expense,22,seed_keywords_v1
Erc Store,Synthetic erc receipt,4900,expense,22,seed_keywords_v1
Mgts City,Synthetic mgts receipt,4900,expense,22,seed_keywords_v1
Mgts Express,Synthetic online payment mgts,4900,expense,22,seed_keywords_v1
Mgts Online,Synthetic no mcc operation mgts,0,expense,22,seed_no_mcc_v1
Mgts Online,Synthetic mgts purchase,4900,expense,22,seed_keywords_v1
Mgts Pay,Synthetic payment at mgts,4900,expense,22,seed_keywords_v1
Mgts Store,Synthetic card operation mgts,4900,expense,22,seed_keywords_v1
Mosenergosbyt City,Synthetic payment at mosenergosbyt,4900,expense,22,seed_keywords_v1
Mosenergosbyt Express,Synthetic mosenergosbyt receipt,4900,expense,22,seed_keywords_v1
Mosenergosbyt Online,Synthetic card operation mosenergosbyt,4900,expense,22,seed_keywords_v1
Mosenergosbyt Pay,Synthetic no mcc operation mosenergosbyt,0,expense,22,seed_no_mcc_v1
Mosenergosbyt Pay,Synthetic mosenergosbyt purchase,4900,expense,22,seed_keywords_v1
Mosenergosbyt Store,Synthetic online payment mosenergosbyt,4900,expense,22,seed_keywords_v1
Rostelecom City,Synthetic card operation rostelecom,4900,expense,22,seed_keywords_v1
Rostelecom Express,Synthetic no mcc operation rostelecom,0,expense,22,seed_no_mcc_v1
Rostelecom Express,Synthetic rostelecom purchase,4900,expense,22,seed_keywords_v1
Rostelecom Online,Synthetic rostelecom receipt,4900,expense,22,seed_keywords_v1
Rostelecom Pay,Synthetic online payment rostelecom,4900,expense,22,seed_keywords_v1
Rostelecom Store,Synthetic payment at rostelecom,4900,expense,22,seed_keywords_v1
Zhku City,Synthetic online payment zhku,4900,expense,22,seed_keywords_v1
Zhku Express,Synthetic card operation zhku,4900,expense,22,seed_keywords_v1
Zhku Online,Synthetic payment at zhku,4900,expense,22,seed_keywords_v1
Zhku Pay,Synthetic zhku receipt,4900,expense,22,seed_keywords_v1
Zhku Store,Synthetic no mcc operation zhku,0,expense,22,seed_no_mcc_v1
Zhku Store,Synthetic zhku purchase,4900,expense,22,seed_keywords_v1
Газпром Межрегионгаз City,Synthetic газпром межрегионгаз receipt,4900,expense,22,seed_keywords_v1
Газпром Межрегионгаз Express,Synthetic online payment газпром межрегионгаз,4900,expense,22,seed_keywords_v1
Газпром Межрегионгаз Online,Synthetic no mcc operation газпром межрегионгаз,0,expense,22,seed_no_mcc_v1
Газпром Межрегионгаз Online,Synthetic газпром межрегионгаз purchase,4900,expense,22,seed_keywords_v1
Газпром Межрегионгаз Pay,Synthetic payment at газпром межрегионгаз,4900,expense,22,seed_keywords_v1
Газпром Межрегионгаз Store,Synthetic card operation газпром межрегионгаз,4900,expense,22,seed_keywords_v1
Дом Ру City,Synthetic no mcc operation дом ру,0,expense,22,seed_no_mcc_v1
Дом Ру City,Synthetic дом ру purchase,4900,expense,22,seed_keywords_v1
Дом Ру Express,Synthetic payment at дом ру,4900,expense,22,seed_keywords_v1
Дом Ру Online,Synthetic online payment дом ру,4900,expense,22,seed_keywords_v1
Дом Ру Pay,Synthetic card operation дом ру,4900,expense,22,seed_keywords_v1
Дом Ру Store,Synthetic дом ру receipt,4900,expense,22,seed_keywords_v1
Епд City,Synthetic card operation епд,4900,expense,22,seed_keywords_v1
Епд Express,Synthetic no mcc operation епд,0,expense,22,seed_no_mcc_v1
Епд Express,Synthetic епд purchase,4900,expense,22,seed_keywords_v1
Епд Online,Synthetic епд receipt,4900,expense,22,seed_keywords_v1
Епд Pay,Synthetic online payment епд,4900,expense,22,seed_keywords_v1
Епд Store,Synthetic payment at епд,4900,expense,22,seed_keywords_v1
Жкх City,Synthetic online payment жкх,4900,expense,22,seed_keywords_v1
Жкх Express,Synthetic card operation жкх,4900,expense,22,seed_keywords_v1
Жкх Online,Synthetic payment at жкх,4900,expense,22,seed_keywords_v1
Жкх Pay,Synthetic жкх receipt,4900,expense,22,seed_keywords_v1
Жкх Store,Synthetic no mcc operation жкх,0,expense,22,seed_no_mcc_v1
Жкх Store,Synthetic жкх purchase,4900,expense,22,seed_keywords_v1
Квартплата City,Synthetic квартплата receipt,4900,expense,22,seed_keywords_v1
Квартплата Express,Synthetic online payment квартплата,4900,expense,22,seed_keywords_v1
Квартплата Online,Synthetic no mcc operation квартплата,0,expense,22,seed_no_mcc_v1
Квартплата Online,Synthetic квартплата purchase,4900,expense,22,seed_keywords_v1
Квартплата Pay,Synthetic payment at квартплата,4900,expense,22,seed_keywords_v1
Квартплата Store,Synthetic card operation квартплата,4900,expense,22,seed_keywords_v1
Мгтс City,Synthetic payment at мгтс,4900,expense,22,seed_keywords_v1
Мгтс Express,Synthetic мгтс receipt,4900,expense,22,seed_keywords_v1
Мгтс Online,Synthetic card operation мгтс,4900,expense,22,seed_keywords_v1
Мгтс Pay,Synthetic no mcc operation мгтс,0,expense,22,seed_no_mcc_v1
Мгтс Pay,Synthetic мгтс purchase,4900,expense,22,seed_keywords_v1
Мгтс Store,Synthetic online payment мгтс,4900,expense,22,seed_keywords_v1
Мосэнергосбыт City,Synthetic no mcc operation мосэнергосбыт,0,expense,22,seed_no_mcc_v1
Мосэнергосбыт City,Synthetic мосэнергосбыт purchase,4900,expense,22,seed_keywords_v1
Мосэнергосбыт Express,Synthetic payment at мосэнергосбыт,4900,expense,22,seed_keywords_v1
Мосэнергосбыт Online,Synthetic online payment мосэнергосбыт,4900,expense,22,seed_keywords_v1
Мосэнергосбыт Pay,Synthetic card operation мосэнергосбыт,4900,expense,22,seed_keywords_v1
Мосэнергосбыт Store,Synthetic мосэнергосбыт receipt,4900,expense,22,seed_keywords_v1
Ростелеком City,Synthetic online payment ростелеком,4900,expense,22,seed_keywords_v1
Ростелеком Express,Synthetic card operation ростелеком,4900,expense,22,seed_keywords_v1
Ростелеком Online,Synthetic payment at ростелеком,4900,expense,22,seed_keywords_v1
Ростелеком Pay,Synthetic ростелеком receipt,4900,expense,22,seed_keywords_v1
Ростелеком Store,Synthetic no mcc operation ростелеком,0,expense,22,seed_no_mcc_v1
Ростелеком Store,Synthetic ростелеком purchase,4900,expense,22,seed_keywords_v1
Тсж City,Synthetic card operation тсж,4900,expense,22,seed_keywords_v1
Тсж Express,Synthetic no mcc operation тсж,0,expense,22,seed_no_mcc_v1
Тсж Express,Synthetic тсж purchase,4900,expense,22,seed_keywords_v1
Тсж Online,Synthetic тсж receipt,4900,expense,22,seed_keywords_v1
Тсж Pay,Synthetic online payment тсж,4900,expense,22,seed_keywords_v1
Тсж Store,Synthetic payment at тсж,4900,expense,22,seed_keywords_v1
Управляющая Компания City,Synthetic online payment управляющая компания,4900,expense,22,seed_keywords_v1
Управляющая Компания Express,Synthetic card operation управляющая компания,4900,expense,22,seed_keywords_v1
Управляющая Компания Online,Synthetic payment at управляющая компания,4900,expense,22,seed_keywords_v1
Управляющая Компания Pay,Synthetic управляющая компания receipt,4900,expense,22,seed_keywords_v1
Управляющая Компания Store,Synthetic no mcc operation управляющая компания,0,expense,22,seed_no_mcc_v1
Управляющая Компания Store,Synthetic управляющая компания purchase,4900,expense,22,seed_keywords_v1
Beeline City,Synthetic payment at beeline,4899,expense,23,seed_keywords_v1
Beeline Express,Synthetic beeline receipt,4812,expense,23,seed_keywords_v1
Beeline Online,Synthetic card operation beeline,4816,expense,23,seed_keywords_v1
Beeline Pay,Synthetic no mcc operation beeline,0,expense,23,seed_no_mcc_v1
Beeline Pay,Synthetic beeline purchase,4816,expense,23,seed_keywords_v1
Beeline Store,Synthetic online payment beeline,4814,expense,23,seed_keywords_v1
Megafon City,Synthetic card operation megafon,4812,expense,23,seed_keywords_v1
Megafon Express,Synthetic no mcc operation megafon,0,expense,23,seed_no_mcc_v1
Megafon Express,Synthetic megafon purchase,4812,expense,23,seed_keywords_v1
Megafon Online,Synthetic megafon receipt,4816,expense,23,seed_keywords_v1
Megafon Pay,Synthetic online payment megafon,4899,expense,23,seed_keywords_v1
Megafon Store,Synthetic payment at megafon,4814,expense,23,seed_keywords_v1
Mts City,Synthetic online payment mts,4899,expense,23,seed_keywords_v1
Mts Express,Synthetic card operation mts,4812,expense,23,seed_keywords_v1
Mts Online,Synthetic payment at mts,4814,expense,23,seed_keywords_v1
Mts Pay,Synthetic mts receipt,4816,expense,23,seed_keywords_v1
Mts Store,Synthetic no mcc operation mts,0,expense,23,seed_no_mcc_v1
Mts Store,Synthetic mts purchase,4812,expense,23,seed_keywords_v1
Sbermobile City,Synthetic sbermobile receipt,4814,expense,23,seed_keywords_v1
Sbermobile Express,Synthetic online payment sbermobile,4816,expense,23,seed_keywords_v1
Sbermobile Online,Synthetic no mcc operation sbermobile,0,expense,23,seed_no_mcc_v1
Sbermobile Online,Synthetic sbermobile purchase,4899,expense,23,seed_keywords_v1
Sbermobile Pay,Synthetic payment at sbermobile,4812,expense,23,seed_keywords_v1
Sbermobile Store,Synthetic card operation sbermobile,4899,expense,23,seed_keywords_v1
Skylink City,Synthetic payment at skylink,4814,expense,23,seed_keywords_v1
Skylink Express,Synthetic skylink receipt,4816,expense,23,seed_keywords_v1
Skylink Online,Synthetic card operation skylink,4812,expense,23,seed_keywords_v1
Skylink Pay,Synthetic no mcc operation skylink,0,expense,23,seed_no_mcc_v1
Skylink Pay,Synthetic skylink purchase,4812,expense,23,seed_keywords_v1
Skylink Store,Synthetic online payment skylink,4899,expense,23,seed_keywords_v1
Tele2 City,Synthetic tele2 receipt,4812,expense,23,seed_keywords_v1
Tele2 Express,Synthetic online payment tele2,4814,expense,23,seed_keywords_v1
Tele2 Online,Synthetic no mcc operation tele2,0,expense,23,seed_no_mcc_v1
Tele2 Online,Synthetic tele2 purchase,4816,expense,23,seed_keywords_v1
Tele2 Pay,Synthetic payment at tele2,4899,expense,23,seed_keywords_v1
Tele2 Store,Synthetic card operation tele2,4816,expense,23,seed_keywords_v1
Tinkoff Mobile City,Synthetic online payment tinkoff mobile,4814,expense,23,seed_keywords_v1
Tinkoff Mobile Express,Synthetic card operation tinkoff mobile,4816,expense,23,seed_keywords_v1
Tinkoff Mobile Online,Synthetic payment at tinkoff mobile,4899,expense,23,seed_keywords_v1
Tinkoff Mobile Pay,Synthetic tinkoff mobile receipt,4812,expense,23,seed_keywords_v1
Tinkoff Mobile Store,Synthetic no mcc operation tinkoff mobile,0,expense,23,seed_no_mcc_v1
Tinkoff Mobile Store,Synthetic tinkoff mobile purchase,4816,expense,23,seed_keywords_v1
Yota City,Synthetic no mcc operation yota,0,expense,23,seed_no_mcc_v1
Yota City,Synthetic yota purchase,4812,expense,23,seed_keywords_v1
Yota Express,Synthetic payment at yota,4814,expense,23,seed_keywords_v1
Yota Online,Synthetic online payment yota,4899,expense,23,seed_keywords_v1
Yota Pay,Synthetic card operation yota,4812,expense,23,seed_keywords_v1
Yota Store,Synthetic yota receipt,4816,expense,23,seed_keywords_v1
Билайн City,Synthetic no mcc operation билайн,0,expense,23,seed_no_mcc_v1
Билайн City,Synthetic билайн purchase,4899,expense,23,seed_keywords_v1
Билайн Express,Synthetic payment at билайн,4812,expense,23,seed_keywords_v1
Билайн Online,Synthetic online payment билайн,4816,expense,23,seed_keywords_v1
Билайн Pay,Synthetic card operation билайн,4899,expense,23,seed_keywords_v1
Билайн Store,Synthetic билайн receipt,4814,expense,23,seed_keywords_v1
Интернет City,Synthetic card operation интернет,4816,expense,23,seed_keywords_v1
Интернет Express,Synthetic no mcc operation интернет,0,expense,23,seed_no_mcc_v1
Интернет Express,Synthetic интернет purchase,4816,expense,23,seed_keywords_v1
Интернет Online,Synthetic интернет receipt,4812,expense,23,seed_keywords_v1
Интернет Pay,Synthetic online payment интернет,4814,expense,23,seed_keywords_v1
Интернет Store,Synthetic payment at интернет,4899,expense,23,seed_keywords_v1
Йота City,Synthetic card operation йота,4814,expense,23,seed_keywords_v1
Йота Express,Synthetic no mcc operation йота,0,expense,23,seed_no_mcc_v1
Йота Express,Synthetic йота purchase,4814,expense,23,seed_keywords_v1
Йота Online,Synthetic йота receipt,4899,expense,23,seed_keywords_v1
Йота Pay,Synthetic online payment йота,4812,expense,23,seed_keywords_v1
Йота Store,Synthetic payment at йота,4816,expense,23,seed_keywords_v1
Мегафон City,Synthetic online payment мегафон,4812,expense,23,seed_keywords_v1
Мегафон Express,Synthetic card operation мегафон,4814,expense,23,seed_keywords_v1
Мегафон Online,Synthetic payment at мегафон,4816,expense,23,seed_keywords_v1
Мегафон Pay,Synthetic мегафон receipt,4899,expense,23,seed_keywords_v1
Мегафон Store,Synthetic no mcc operation мегафон,0,expense,23,seed_no_mcc_v1
Мегафон Store,Synthetic мегафон purchase,4814,expense,23,seed_keywords_v1
Мобильная Связь City,Synthetic no mcc operation мобильная связь,0,expense,23,seed_no_mcc_v1
Мобильная Связь City,Synthetic мобильная связь purchase,4814,expense,23,seed_keywords_v1
Мобильная Связь Express,Synthetic payment at мобильная связь,4816,expense,23,seed_keywords_v1
Мобильная Связь Online,Synthetic online payment мобильная связь,4812,expense,23,seed_keywords_v1
Мобильная Связь Pay,Synthetic card operation мобильная связь,4814,expense,23,seed_keywords_v1
Мобильная Связь Store,Synthetic мобильная связь receipt,4899,expense,23,seed_keywords_v1
Мтс City,Synthetic мтс receipt,4899,expense,23,seed_keywords_v1
Мтс Express,Synthetic online payment мтс,4812,expense,23,seed_keywords_v1
Мтс Online,Synthetic no mcc operation мтс,0,expense,23,seed_no_mcc_v1
Мтс Online,Synthetic мтс purchase,4814,expense,23,seed_keywords_v1
Мтс Pay,Synthetic payment at мтс,4816,expense,23,seed_keywords_v1
Мтс Store,Synthetic card operation мтс,4814,expense,23,seed_keywords_v1
Теле2 City,Synthetic payment at теле2,4812,expense,23,seed_keywords_v1
Теле2 Express,Synthetic теле2 receipt,4814,expense,23,seed_keywords_v1
Теле2 Online,Synthetic card operation теле2,4899,expense,23,seed_keywords_v1
Теле2 Pay,Synthetic no mcc operation теле2,0,expense,23,seed_no_mcc_v1
Теле2 Pay,Synthetic теле2 purchase,4899,expense,23,seed_keywords_v1
Теле2 Store,Synthetic online payment теле2,4816,expense,23,seed_keywords_v1
Alfabank City,Synthetic alfabank receipt,6010,income,24,seed_keywords_v1
Alfabank Express,Synthetic online payment alfabank,6011,expense,24,seed_keywords_v1
Alfabank Online,Synthetic no mcc operation alfabank,0,income,24,seed_no_mcc_v1
Alfabank Online,Synthetic alfabank purchase,6300,income,24,seed_keywords_v1
Alfabank Pay,Synthetic payment at alfabank,4829,expense,24,seed_keywords_v1
Alfabank Store,Synthetic card operation alfabank,6012,income,24,seed_keywords_v1
Cashback City,Synthetic no mcc operation cashback,0,income,24,seed_no_mcc_v1
Cashback City,Synthetic cashback purchase,6051,income,24,seed_keywords_v1
Cashback Express,Synthetic payment at cashback,6211,income,24,seed_keywords_v1
Cashback Online,Synthetic online payment cashback,4829,income,24,seed_keywords_v1
Cashback Pay,Synthetic card operation cashback,6010,income,24,seed_keywords_v1
Cashback Store,Synthetic cashback receipt,6300,income,24,seed_keywords_v1
Commission City,Synthetic card operation commission,6051,income,24,seed_keywords_v1
Commission Express,Synthetic no mcc operation commission,0,income,24,seed_no_mcc_v1
Commission Express,Synthetic commission purchase,4829,income,24,seed_keywords_v1
Commission Online,Synthetic commission receipt,6011,income,24,seed_keywords_v1
Commission Pay,Synthetic online payment commission,6012,expense,24,seed_keywords_v1
Commission Store,Synthetic payment at commission,6010,expense,24,seed_keywords_v1
Gazprombank City,Synthetic online payment gazprombank,6300,expense,24,seed_keywords_v1
Gazprombank Express,Synthetic card operation gazprombank,4829,income,24,seed_keywords_v1
Gazprombank Online,Synthetic payment at gazprombank,6051,expense,24,seed_keywords_v1
Gazprombank Pay,Synthetic gazprombank receipt,6211,income,24,seed_keywords_v1
Gazprombank Store,Synthetic no mcc operation gazprombank,0,income,24,seed_no_mcc_v1
Gazprombank Store,Synthetic gazprombank purchase,6012,income,24,seed_keywords_v1
Raiffeisen City,Synthetic no mcc operation raiffeisen,0,income,24,seed_no_mcc_v1
Raiffeisen City,Synthetic raiffeisen purchase,6010,income,24,seed_keywords_v1
Raiffeisen Express,Synthetic payment at raiffeisen,6011,expense,24,seed_keywords_v1
Raiffeisen Online,Synthetic online payment raiffeisen,6051,expense,24,seed_keywords_v1
Raiffeisen Pay,Synthetic card operation raiffeisen,6211,income,24,seed_keywords_v1
Raiffeisen Store,Synthetic raiffeisen receipt,6012,income,24,seed_keywords_v1
Salary City,Synthetic salary receipt,6011,income,24,seed_keywords_v1
Salary Express,Synthetic online payment salary,6012,income,24,seed_keywords_v1
Salary Online,Synthetic no mcc operation salary,0,income,24,seed_no_mcc_v1
Salary Online,Synthetic salary purchase,4829,income,24,seed_keywords_v1
Salary Pay,Synthetic payment at salary,6010,income,24,seed_keywords_v1
Salary Store,Synthetic card operation salary,6051,income,24,seed_keywords_v1
Sberbank City,Synthetic payment at sberbank,6012,expense,24,seed_keywords_v1
Sberbank Express,Synthetic sberbank receipt,6051,income,24,seed_keywords_v1
Sberbank Online,Synthetic card operation sberbank,6300,income,24,seed_keywords_v1
Sberbank Pay,Synthetic no mcc operation sberbank,0,income,24,seed_no_mcc_v1
Sberbank Pay,Synthetic sberbank purchase,6011,income,24,seed_keywords_v1
Sberbank Store,Synthetic online payment sberbank,6211,expense,24,seed_keywords_v1
Sovcombank City,Synthetic payment at sovcombank,6300,expense,24,seed_keywords_v1
Sovcombank Express,Synthetic sovcombank receipt,4829,income,24,seed_keywords_v1
Sovcombank Online,Synthetic card operation sovcombank,6011,income,24,seed_keywords_v1
Sovcombank Pay,Synthetic no mcc operation sovcombank,0,income,24,seed_no_mcc_v1
Sovcombank Pay,Synthetic sovcombank purchase,6211,income,24,seed_keywords_v1
Sovcombank Store,Synthetic online payment sovcombank,6010,expense,24,seed_keywords_v1
Tinkoff City,Synthetic online payment tinkoff,6012,expense,24,seed_keywords_v1
Tinkoff Express,Synthetic card operation tinkoff,6051,income,24,seed_keywords_v1
Tinkoff Online,Synthetic payment at tinkoff,6010,expense,24,seed_keywords_v1
Tinkoff Pay,Synthetic tinkoff receipt,6011,income,24,seed_keywords_v1
Tinkoff Store,Synthetic no mcc operation tinkoff,0,income,24,seed_no_mcc_v1
Tinkoff Store,Synthetic tinkoff purchase,4829,income,24,seed_keywords_v1
Vtb City,Synthetic card operation vtb,6010,income,24,seed_keywords_v1
Vtb Express,Synthetic no mcc operation vtb,0,income,24,seed_no_mcc_v1
Vtb Express,Synthetic vtb purchase,6051,income,24,seed_keywords_v1
Vtb Online,Synthetic vtb receipt,6300,income,24,seed_keywords_v1
Vtb Pay,Synthetic online payment vtb,4829,expense,24,seed_keywords_v1
Vtb Store,Synthetic payment at vtb,6211,expense,24,seed_keywords_v1
Альфа Банк City,Synthetic payment at альфа банк,6010,income,24,seed_keywords_v1
Альфа Банк Express,Synthetic альфа банк receipt,6011,expense,24,seed_keywords_v1
Альфа Банк Online,Synthetic card operation альфа банк,6051,expense,24,seed_keywords_v1
Альфа Банк Pay,Synthetic no mcc operation альфа банк,0,expense,24,seed_no_mcc_v1
Альфа Банк Pay,Synthetic альфа банк purchase,4829,expense,24,seed_keywords_v1
Альфа Банк Store,Synthetic online payment альфа банк,6012,income,24,seed_keywords_v1
Втб City,Synthetic online payment втб,6010,income,24,seed_keywords_v1
Втб Express,Synthetic card operation втб,6011,expense,24,seed_keywords_v1
Втб Online,Synthetic payment at втб,6300,income,24,seed_keywords_v1
Втб Pay,Synthetic втб receipt,4829,expense,24,seed_keywords_v1
Втб Store,Synthetic no mcc operation втб,0,expense,24,seed_no_mcc_v1
Втб Store,Synthetic втб purchase,6211,expense,24,seed_keywords_v1
Зарплата City,Synthetic online payment зарплата,6011,income,24,seed_keywords_v1
Зарплата Express,Synthetic card operation зарплата,6012,income,24,seed_keywords_v1
Зарплата Online,Synthetic payment at зарплата,4829,income,24,seed_keywords_v1
Зарплата Pay,Synthetic зарплата receipt,6010,income,24,seed_keywords_v1
Зарплата Store,Synthetic no mcc operation зарплата,0,income,24,seed_no_mcc_v1
Зарплата Store,Synthetic зарплата purchase,6300,income,24,seed_keywords_v1
Комиссия City,Synthetic no mcc operation комиссия,0,expense,24,seed_no_mcc_v1
Комиссия City,Synthetic комиссия purchase,6300,expense,24,seed_keywords_v1
Комиссия Express,Synthetic payment at комиссия,4829,income,24,seed_keywords_v1
Комиссия Online,Synthetic online payment комиссия,6011,income,24,seed_keywords_v1
Комиссия Pay,Synthetic card operation комиссия,6012,expense,24,seed_keywords_v1
Комиссия Store,Synthetic комиссия receipt,6010,expense,24,seed_keywords_v1
Кэшбек City,Synthetic card operation кэшбек,6011,income,24,seed_keywords_v1
Кэшбек Express,Synthetic no mcc operation кэшбек,0,income,24,seed_no_mcc_v1
Кэшбек Express,Synthetic кэшбек purchase,6211,income,24,seed_keywords_v1
Кэшбек Online,Synthetic кэшбек receipt,4829,income,24,seed_keywords_v1
Кэшбек Pay,Synthetic online payment кэшбек,6010,income,24,seed_keywords_v1
Кэшбек Store,Synthetic payment at кэшбек,6300,income,24,seed_keywords_v1
Открытие City,Synthetic открытие receipt,6300,expense,24,seed_keywords_v1
Открытие Express,Synthetic online payment открытие,4829,income,24,seed_keywords_v1
Открытие Online,Synthetic no mcc operation открытие,0,expense,24,seed_no_mcc_v1
Открытие Online,Synthetic открытие purchase,6051,expense,24,seed_keywords_v1
Открытие Pay,Synthetic payment at открытие,6211,income,24,seed_keywords_v1
Открытие Store,Synthetic card operation открытие,6010,expense,24,seed_keywords_v1
Перевод City,Synthetic перевод receipt,6051,income,24,seed_keywords_v1
Перевод Express,Synthetic online payment перевод,6211,expense,24,seed_keywords_v1
Перевод Online,Synthetic no mcc operation перевод,0,income,24,seed_no_mcc_v1
Перевод Online,Synthetic перевод purchase,6011,income,24,seed_keywords_v1
Перевод Pay,Synthetic payment at перевод,6012,expense,24,seed_keywords_v1
Перевод Store,Synthetic card operation перевод,6300,income,24,seed_keywords_v1
Пополнение City,Synthetic payment at пополнение,6051,income,24,seed_keywords_v1
Пополнение Express,Synthetic пополнение receipt,6211,expense,24,seed_keywords_v1
Пополнение Online,Synthetic card operation пополнение,4829,expense,24,seed_keywords_v1
Пополнение Pay,Synthetic no mcc operation пополнение,0,expense,24,seed_no_mcc_v1
Пополнение Pay,Synthetic пополнение purchase,6012,expense,24,seed_keywords_v1
Пополнение Store,Synthetic online payment пополнение,6300,income,24,seed_keywords_v1
Райффайзен City,Synthetic card operation райффайзен,6300,expense,24,seed_keywords_v1
Райффайзен Express,Synthetic no mcc operation райффайзен,0,expense,24,seed_no_mcc_v1
Райффайзен Express,Synthetic райффайзен purchase,6011,expense,24,seed_keywords_v1
Райффайзен Online,Synthetic райффайзен receipt,6051,expense,24,seed_keywords_v1
Райффайзен Pay,Synthetic online payment райффайзен,6211,income,24,seed_keywords_v1
Райффайзен Store,Synthetic payment at райффайзен,6012,income,24,seed_keywords_v1
Сбербанк City,Synthetic no mcc operation сбербанк,0,expense,24,seed_no_mcc_v1
Сбербанк City,Synthetic сбербанк purchase,6012,expense,24,seed_keywords_v1
Сбербанк Express,Synthetic payment at сбербанк,6051,income,24,seed_keywords_v1
Сбербанк Online,Synthetic online payment сбербанк,6300,income,24,seed_keywords_v1
Сбербанк Pay,Synthetic card operation сбербанк,4829,expense,24,seed_keywords_v1
Сбербанк Store,Synthetic сбербанк receipt,6211,expense,24,seed_keywords_v1
Сбп City,Synthetic online payment сбп,6051,income,24,seed_keywords_v1
Сбп Express,Synthetic card operation сбп,6211,expense,24,seed_keywords_v1
Сбп Online,Synthetic payment at сбп,6011,income,24,seed_keywords_v1
Сбп Pay,Synthetic сбп receipt,6012,expense,24,seed_keywords_v1
Сбп Store,Synthetic no mcc operation сбп,0,expense,24,seed_no_mcc_v1
Сбп Store,Synthetic сбп purchase,6010,expense,24,seed_keywords_v1
Тинькофф City,Synthetic тинькофф receipt,6012,expense,24,seed_keywords_v1
Тинькофф Express,Synthetic online payment тинькофф,6051,income,24,seed_keywords_v1
Тинькофф Online,Synthetic no mcc operation тинькофф,0,expense,24,seed_no_mcc_v1
Тинькофф Online,Synthetic тинькофф purchase,6010,expense,24,seed_keywords_v1
Тинькофф Pay,Synthetic payment at тинькофф,6011,income,24,seed_keywords_v1
Тинькофф Store,Synthetic card operation тинькофф,6211,expense,24,seed_keywords_v1
Coursera City,Synthetic card operation coursera,8211,expense,25,seed_keywords_v1
Coursera Express,Synthetic no mcc operation coursera,0,expense,25,seed_no_mcc_v1
Coursera Express,Synthetic coursera purchase,8211,expense,25,seed_keywords_v1
Coursera Online,Synthetic coursera receipt,8241,expense,25,seed_keywords_v1
Coursera Pay,Synthetic online payment coursera,8299,expense,25,seed_keywords_v1
Coursera Store,Synthetic payment at coursera,8220,expense,25,seed_keywords_v1
Geekbrains City,Synthetic payment at geekbrains,8299,expense,25,seed_keywords_v1
Geekbrains Express,Synthetic geekbrains receipt,8211,expense,25,seed_keywords_v1
Geekbrains Online,Synthetic card operation geekbrains,8241,expense,25,seed_keywords_v1
Geekbrains Pay,Synthetic no mcc operation geekbrains,0,expense,25,seed_no_mcc_v1
Geekbrains Pay,Synthetic geekbrains purchase,8241,expense,25,seed_keywords_v1
Geekbrains Store,Synthetic online payment geekbrains,8220,expense,25,seed_keywords_v1
Netology City,Synthetic no mcc operation netology,0,expense,25,seed_no_mcc_v1
Netology City,Synthetic netology purchase,8299,expense,25,seed_keywords_v1
Netology Express,Synthetic payment at netology,8211,expense,25,seed_keywords_v1
Netology Online,Synthetic online payment netology,8241,expense,25,seed_keywords_v1
Netology Pay,Synthetic card operation netology,8299,expense,25,seed_keywords_v1
Netology Store,Synthetic netology receipt,8220,expense,25,seed_keywords_v1
School City,Synthetic card operation school,8220,expense,25,seed_keywords_v1
School Express,Synthetic no mcc operation school,0,expense,25,seed_no_mcc_v1
School Express,Synthetic school purchase,8220,expense,25,seed_keywords_v1
School Online,Synthetic school receipt,8299,expense,25,seed_keywords_v1
School Pay,Synthetic online payment school,8211,expense,25,seed_keywords_v1
School Store,Synthetic payment at school,8241,expense,25,seed_keywords_v1
Skillbox City,Synthetic skillbox receipt,8299,expense,25,seed_keywords_v1
Skillbox Express,Synthetic online payment skillbox,8211,expense,25,seed_keywords_v1
Skillbox Online,Synthetic no mcc operation skillbox,0,expense,25,seed_no_mcc_v1
Skillbox Online,Synthetic skillbox purchase,8220,expense,25,seed_keywords_v1
Skillbox Pay,Synthetic payment at skillbox,8241,expense,25,seed_keywords_v1
Skillbox Store,Synthetic card operation skillbox,8220,expense,25,seed_keywords_v1
Skyeng City,Synthetic online payment skyeng,8299,expense,25,seed_keywords_v1
Skyeng Express,Synthetic card operation skyeng,8211,expense,25,seed_keywords_v1
Skyeng Online,Synthetic payment at skyeng,8220,expense,25,seed_keywords_v1
Skyeng Pay,Synthetic skyeng receipt,8241,expense,25,seed_keywords_v1
Skyeng Store,Synthetic no mcc operation skyeng,0,expense,25,seed_no_mcc_v1
Skyeng Store,Synthetic skyeng purchase,8211,expense,25,seed_keywords_v1
Stepik City,Synthetic stepik receipt,8211,expense,25,seed_keywords_v1
Stepik Express,Synthetic online payment stepik,8220,expense,25,seed_keywords_v1
Stepik Online,Synthetic no mcc operation stepik,0,expense,25,seed_no_mcc_v1
Stepik Online,Synthetic stepik purchase,8241,expense,25,seed_keywords_v1
Stepik Pay,Synthetic payment at stepik,8299,expense,25,seed_keywords_v1
Stepik Store,Synthetic card operation stepik,8241,expense,25,seed_keywords_v1
Udemy City,Synthetic online payment udemy,8211,expense,25,seed_keywords_v1
Udemy Express,Synthetic card operation udemy,8220,expense,25,seed_keywords_v1
Udemy Online,Synthetic payment at udemy,8241,expense,25,seed_keywords_v1
Udemy Pay,Synthetic udemy receipt,8299,expense,25,seed_keywords_v1
Udemy Store,Synthetic no mcc operation udemy,0,expense,25,seed_no_mcc_v1
Udemy Store,Synthetic udemy purchase,8220,expense,25,seed_keywords_v1
University City,Synthetic online payment university,8220,expense,25,seed_keywords_v1
University Express,Synthetic card operation university,8241,expense,25,seed_keywords_v1
University Online,Synthetic payment at university,8299,expense,25,seed_keywords_v1
University Pay,Synthetic university receipt,8211,expense,25,seed_keywords_v1
University Store,Synthetic no mcc operation university,0,expense,25,seed_no_mcc_v1
University Store,Synthetic university purchase,8241,expense,25,seed_keywords_v1
Курс City,Synthetic no mcc operation курс,0,expense,25,seed_no_mcc_v1
Курс City,Synthetic курс purchase,8220,expense,25,seed_keywords_v1
Курс Express,Synthetic payment at курс,8241,expense,25,seed_keywords_v1
Курс Online,Synthetic online payment курс,8211,expense,25,seed_keywords_v1
Курс Pay,Synthetic card operation курс,8220,expense,25,seed_keywords_v1
Курс Store,Synthetic курс receipt,8299,expense,25,seed_keywords_v1
Обучение City,Synthetic payment at обучение,8220,expense,25,seed_keywords_v1
Обучение Express,Synthetic обучение receipt,8241,expense,25,seed_keywords_v1
Обучение Online,Synthetic card operation обучение,8211,expense,25,seed_keywords_v1
Обучение Pay,Synthetic no mcc operation обучение,0,expense,25,seed_no_mcc_v1
Обучение Pay,Synthetic обучение purchase,8211,expense,25,seed_keywords_v1
Обучение Store,Synthetic online payment обучение,8299,expense,25,seed_keywords_v1
Университет City,Synthetic университет receipt,8220,expense,25,seed_keywords_v1
Университет Express,Synthetic online payment университет,8241,expense,25,seed_keywords_v1
Университет Online,Synthetic no mcc operation университет,0,expense,25,seed_no_mcc_v1
Университет Online,Synthetic университет purchase,8299,expense,25,seed_keywords_v1
Университет Pay,Synthetic payment at университет,8211,expense,25,seed_keywords_v1
Университет Store,Synthetic card operation университет,8299,expense,25,seed_keywords_v1
Школа City,Synthetic no mcc operation школа,0,expense,25,seed_no_mcc_v1
Школа City,Synthetic школа purchase,8211,expense,25,seed_keywords_v1
Школа Express,Synthetic payment at школа,8220,expense,25,seed_keywords_v1
Школа Online,Synthetic online payment школа,8299,expense,25,seed_keywords_v1
Школа Pay,Synthetic card operation школа,8211,expense,25,seed_keywords_v1
Школа Store,Synthetic школа receipt,8241,expense,25,seed_keywords_v1
Яндекс Практикум City,Synthetic payment at яндекс практикум,8211,expense,25,seed_keywords_v1
Яндекс Практикум Express,Synthetic яндекс практикум receipt,8220,expense,25,seed_keywords_v1
Яндекс Практикум Online,Synthetic card operation яндекс практикум,8299,expense,25,seed_keywords_v1
Яндекс Практикум Pay,Synthetic no mcc operation яндекс практикум,0,expense,25,seed_no_mcc_v1
Яндекс Практикум Pay,Synthetic яндекс практикум purchase,8299,expense,25,seed_keywords_v1
Яндекс Практикум Store,Synthetic online payment яндекс практикум,8241,expense,25,seed_keywords_v1
Afisha City,Synthetic no mcc operation afisha,0,expense,26,seed_no_mcc_v1
Afisha City,Synthetic afisha purchase,7832,expense,26,seed_keywords_v1
Afisha Express,Synthetic payment at afisha,7922,expense,26,seed_keywords_v1
Afisha Online,Synthetic online payment afisha,7991,expense,26,seed_keywords_v1
Afisha Pay,Synthetic card operation afisha,7832,expense,26,seed_keywords_v1
Afisha Store,Synthetic afisha receipt,7929,expense,26,seed_keywords_v1
Cinema City,Synthetic payment at cinema,7991,expense,26,seed_keywords_v1
Cinema Express,Synthetic cinema receipt,7832,expense,26,seed_keywords_v1
Cinema Online,Synthetic card operation cinema,7929,expense,26,seed_keywords_v1
Cinema Pay,Synthetic no mcc operation cinema,0,expense,26,seed_no_mcc_v1
Cinema Pay,Synthetic cinema purchase,7929,expense,26,seed_keywords_v1
Cinema Store,Synthetic online payment cinema,7922,expense,26,seed_keywords_v1
Concert City,Synthetic online payment concert,7922,expense,26,seed_keywords_v1
Concert Express,Synthetic card operation concert,7929,expense,26,seed_keywords_v1
Concert Online,Synthetic payment at concert,7991,expense,26,seed_keywords_v1
Concert Pay,Synthetic concert receipt,7832,expense,26,seed_keywords_v1
Concert Store,Synthetic no mcc operation concert,0,expense,26,seed_no_mcc_v1
Concert Store,Synthetic concert purchase,7929,expense,26,seed_keywords_v1
Formula Kino City,Synthetic no mcc operation formula kino,0,expense,26,seed_no_mcc_v1
Formula Kino City,Synthetic formula kino purchase,7922,expense,26,seed_keywords_v1
Formula Kino Express,Synthetic payment at formula kino,7929,expense,26,seed_keywords_v1
Formula Kino Online,Synthetic online payment formula kino,7832,expense,26,seed_keywords_v1
Formula Kino Pay,Synthetic card operation formula kino,7922,expense,26,seed_keywords_v1
Formula Kino Store,Synthetic formula kino receipt,7991,expense,26,seed_keywords_v1
Karofilm City,Synthetic payment at karofilm,7922,expense,26,seed_keywords_v1
Karofilm Express,Synthetic karofilm receipt,7929,expense,26,seed_keywords_v1
Karofilm Online,Synthetic card operation karofilm,7832,expense,26,seed_keywords_v1
Karofilm Pay,Synthetic no mcc operation karofilm,0,expense,26,seed_no_mcc_v1
Karofilm Pay,Synthetic karofilm purchase,7832,expense,26,seed_keywords_v1
Karofilm Store,Synthetic online payment karofilm,7991,expense,26,seed_keywords_v1
Kassir City,Synthetic online payment kassir,7832,expense,26,seed_keywords_v1
Kassir Express,Synthetic card operation kassir,7922,expense,26,seed_keywords_v1
Kassir Online,Synthetic payment at kassir,7929,expense,26,seed_keywords_v1
Kassir Pay,Synthetic kassir receipt,7991,expense,26,seed_keywords_v1
Kassir Store,Synthetic no mcc operation kassir,0,expense,26,seed_no_mcc_v1
Kassir Store,Synthetic kassir purchase,7922,expense,26,seed_keywords_v1
Kino City,Synthetic kino receipt,7991,expense,26,seed_keywords_v1
Kino Express,Synthetic online payment kino,7832,expense,26,seed_keywords_v1
Kino Online,Synthetic no mcc operation kino,0,expense,26,seed_no_mcc_v1
Kino Online,Synthetic kino purchase,7922,expense,26,seed_keywords_v1
Kino Pay,Synthetic payment at kino,7929,expense,26,seed_keywords_v1
Kino Store,Synthetic card operation kino,7922,expense,26,seed_keywords_v1
Theater City,Synthetic no mcc operation theater,0,expense,26,seed_no_mcc_v1
Theater City,Synthetic theater purchase,7991,expense,26,seed_keywords_v1
Theater Express,Synthetic payment at theater,7832,expense,26,seed_keywords_v1
Theater Online,Synthetic online payment theater,7929,expense,26,seed_keywords_v1
Theater Pay,Synthetic card operation theater,7991,expense,26,seed_keywords_v1
Theater Store,Synthetic theater receipt,7922,expense,26,seed_keywords_v1
Ticketland City,Synthetic payment at ticketland,7832,expense,26,seed_keywords_v1
Ticketland Express,Synthetic ticketland receipt,7922,expense,26,seed_keywords_v1
Ticketland Online,Synthetic card operation ticketland,7991,expense,26,seed_keywords_v1
Ticketland Pay,Synthetic no mcc operation ticketland,0,expense,26,seed_no_mcc_v1
Ticketland Pay,Synthetic ticketland purchase,7991,expense,26,seed_keywords_v1
Ticketland Store,Synthetic online payment ticketland,7929,expense,26,seed_keywords_v1
Афиша City,Synthetic card operation афиша,7922,expense,26,seed_keywords_v1
Афиша Express,Synthetic no mcc operation афиша,0,expense,26,seed_no_mcc_v1
Афиша Express,Synthetic афиша purchase,7922,expense,26,seed_keywords_v1
Афиша Online,Synthetic афиша receipt,7991,expense,26,seed_keywords_v1
Афиша Pay,Synthetic online payment афиша,7832,expense,26,seed_keywords_v1
Афиша Store,Synthetic payment at афиша,7929,expense,26,seed_keywords_v1
Кассир City,Synthetic кассир receipt,7832,expense,26,seed_keywords_v1
Кассир Express,Synthetic online payment кассир,7922,expense,26,seed_keywords_v1
Кассир Online,Synthetic no mcc operation кассир,0,expense,26,seed_no_mcc_v1
Кассир Online,Synthetic кассир purchase,7929,expense,26,seed_keywords_v1
Кассир Pay,Synthetic payment at кассир,7991,expense,26,seed_keywords_v1
Кассир Store,Synthetic card operation кассир,7929,expense,26,seed_keywords_v1
Кино City,Synthetic online payment кино,7991,expense,26,seed_keywords_v1
Кино Express,Synthetic card operation кино,7832,expense,26,seed_keywords_v1
Кино Online,Synthetic payment at кино,7922,expense,26,seed_keywords_v1
Кино Pay,Synthetic кино receipt,7929,expense,26,seed_keywords_v1
Кино Store,Synthetic no mcc operation кино,0,expense,26,seed_no_mcc_v1
Кино Store,Synthetic кино purchase,7832,expense,26,seed_keywords_v1
Концерт City,Synthetic концерт receipt,7922,expense,26,seed_keywords_v1
Концерт Express,Synthetic online payment концерт,7929,expense,26,seed_keywords_v1
Концерт Online,Synthetic no mcc operation концерт,0,expense,26,seed_no_mcc_v1
Концерт Online,Synthetic концерт purchase,7991,expense,26,seed_keywords_v1
Концерт Pay,Synthetic payment at концерт,7832,expense,26,seed_keywords_v1
Концерт Store,Synthetic card operation концерт,7991,expense,26,seed_keywords_v1
Развлечения City,Synthetic card operation развлечения,7929,expense,26,seed_keywords_v1
Развлечения Express,Synthetic no mcc operation развлечения,0,expense,26,seed_no_mcc_v1
Развлечения Express,Synthetic развлечения purchase,7929,expense,26,seed_keywords_v1
Развлечения Online,Synthetic развлечения receipt,7832,expense,26,seed_keywords_v1
Развлечения Pay,Synthetic online payment развлечения,7922,expense,26,seed_keywords_v1
Развлечения Store,Synthetic payment at развлечения,7991,expense,26,seed_keywords_v1
Театр City,Synthetic card operation театр,7832,expense,26,seed_keywords_v1
Театр Express,Synthetic no mcc operation театр,0,expense,26,seed_no_mcc_v1
Театр Express,Synthetic театр purchase,7832,expense,26,seed_keywords_v1
Театр Online,Synthetic театр receipt,7929,expense,26,seed_keywords_v1
Театр Pay,Synthetic online payment театр,7991,expense,26,seed_keywords_v1
Театр Store,Synthetic payment at театр,7922,expense,26,seed_keywords_v1
Alex Fitness City,Synthetic payment at alex fitness,7999,expense,27,seed_keywords_v1
Alex Fitness Express,Synthetic alex fitness receipt,5941,expense,27,seed_keywords_v1
Alex Fitness Online,Synthetic card operation alex fitness,7997,expense,27,seed_keywords_v1
Alex Fitness Pay,Synthetic no mcc operation alex fitness,0,expense,27,seed_no_mcc_v1
Alex Fitness Pay,Synthetic alex fitness purchase,7997,expense,27,seed_keywords_v1
Alex Fitness Store,Synthetic online payment alex fitness,7941,expense,27,seed_keywords_v1
Ddx City,Synthetic no mcc operation ddx,0,expense,27,seed_no_mcc_v1
Ddx City,Synthetic ddx purchase,7999,expense,27,seed_keywords_v1
Ddx Express,Synthetic payment at ddx,5941,expense,27,seed_keywords_v1
Ddx Online,Synthetic online payment ddx,7997,expense,27,seed_keywords_v1
Ddx Pay,Synthetic card operation ddx,7999,expense,27,seed_keywords_v1
Ddx Store,Synthetic ddx receipt,7941,expense,27,seed_keywords_v1
Decathlon City,Synthetic payment at decathlon,5941,expense,27,seed_keywords_v1
Decathlon Express,Synthetic decathlon receipt,7941,expense,27,seed_keywords_v1
Decathlon Online,Synthetic card operation decathlon,7999,expense,27,seed_keywords_v1
Decathlon Pay,Synthetic no mcc operation decathlon,0,expense,27,seed_no_mcc_v1
Decathlon Pay,Synthetic decathlon purchase,7999,expense,27,seed_keywords_v1
Decathlon Store,Synthetic online payment decathlon,7997,expense,27,seed_keywords_v1
Fitness City,Synthetic card operation fitness,7941,expense,27,seed_keywords_v1
Fitness Express,Synthetic no mcc operation fitness,0,expense,27,seed_no_mcc_v1
Fitness Express,Synthetic fitness purchase,7941,expense,27,seed_keywords_v1
Fitness Online,Synthetic fitness receipt,7999,expense,27,seed_keywords_v1
Fitness Pay,Synthetic online payment fitness,5941,expense,27,seed_keywords_v1
Fitness Store,Synthetic payment at fitness,7997,expense,27,seed_keywords_v1
Gym City,Synthetic gym receipt,7941,expense,27,seed_keywords_v1
Gym Express,Synthetic online payment gym,7997,expense,27,seed_keywords_v1
Gym Online,Synthetic no mcc operation gym,0,expense,27,seed_no_mcc_v1
Gym Online,Synthetic gym purchase,7999,expense,27,seed_keywords_v1
Gym Pay,Synthetic payment at gym,5941,expense,27,seed_keywords_v1
Gym Store,Synthetic card operation gym,7999,expense,27,seed_keywords_v1
Spirit City,Synthetic card operation spirit,5941,expense,27,seed_keywords_v1
Spirit Express,Synthetic no mcc operation spirit,0,expense,27,seed_no_mcc_v1
Spirit Express,Synthetic spirit purchase,5941,expense,27,seed_keywords_v1
Spirit Online,Synthetic spirit receipt,7997,expense,27,seed_keywords_v1
Spirit Pay,Synthetic online payment spirit,7999,expense,27,seed_keywords_v1
Spirit Store,Synthetic payment at spirit,7941,expense,27,seed_keywords_v1
Sportmaster City,Synthetic online payment sportmaster,5941,expense,27,seed_keywords_v1
Sportmaster Express,Synthetic card operation sportmaster,7941,expense,27,seed_keywords_v1
Sportmaster Online,Synthetic payment at sportmaster,7997,expense,27,seed_keywords_v1
Sportmaster Pay,Synthetic sportmaster receipt,7999,expense,27,seed_keywords_v1
Sportmaster Store,Synthetic no mcc operation sportmaster,0,expense,27,seed_no_mcc_v1
Sportmaster Store,Synthetic sportmaster purchase,7941,expense,27,seed_keywords_v1
World Class City,Synthetic online payment world class,7999,expense,27,seed_keywords_v1
World Class Express,Synthetic card operation world class,5941,expense,27,seed_keywords_v1
World Class Online,Synthetic payment at world class,7941,expense,27,seed_keywords_v1
World Class Pay,Synthetic world class receipt,7997,expense,27,seed_keywords_v1
World Class Store,Synthetic no mcc operation world class,0,expense,27,seed_no_mcc_v1
World Class Store,Synthetic world class purchase,5941,expense,27,seed_keywords_v1
X Fit City,Synthetic x fit receipt,7999,expense,27,seed_keywords_v1
X Fit Express,Synthetic online payment x fit,5941,expense,27,seed_keywords_v1
X Fit Online,Synthetic no mcc operation x fit,0,expense,27,seed_no_mcc_v1
X Fit Online,Synthetic x fit purchase,7941,expense,27,seed_keywords_v1
X Fit Pay,Synthetic payment at x fit,7997,expense,27,seed_keywords_v1
X Fit Store,Synthetic card operation x fit,7941,expense,27,seed_keywords_v1
Бассейн City,Synthetic no mcc operation бассейн,0,expense,27,seed_no_mcc_v1
Бассейн City,Synthetic бассейн purchase,7941,expense,27,seed_keywords_v1
Бассейн Express,Synthetic payment at бассейн,7997,expense,27,seed_keywords_v1
Бассейн Online,Synthetic online payment бассейн,5941,expense,27,seed_keywords_v1
Бассейн Pay,Synthetic card operation бассейн,7941,expense,27,seed_keywords_v1
Бассейн Store,Synthetic бассейн receipt,7999,expense,27,seed_keywords_v1
Декатлон City,Synthetic no mcc operation декатлон,0,expense,27,seed_no_mcc_v1
Декатлон City,Synthetic декатлон purchase,5941,expense,27,seed_keywords_v1
Декатлон Express,Synthetic payment at декатлон,7941,expense,27,seed_keywords_v1
Декатлон Online,Synthetic online payment декатлон,7999,expense,27,seed_keywords_v1
Декатлон Pay,Synthetic card operation декатлон,5941,expense,27,seed_keywords_v1
Декатлон Store,Synthetic декатлон receipt,7997,expense,27,seed_keywords_v1
Спортзал City,Synthetic payment at спортзал,7941,expense,27,seed_keywords_v1
Спортзал Express,Synthetic спортзал receipt,7997,expense,27,seed_keywords_v1
Спортзал Online,Synthetic card operation спортзал,5941,expense,27,seed_keywords_v1
Спортзал Pay,Synthetic no mcc operation спортзал,0,expense,27,seed_no_mcc_v1
Спортзал Pay,Synthetic спортзал purchase,5941,expense,27,seed_keywords_v1
Спортзал Store,Synthetic online payment спортзал,7999,expense,27,seed_keywords_v1
Спортмастер City,Synthetic спортмастер receipt,5941,expense,27,seed_keywords_v1
Спортмастер Express,Synthetic online payment спортмастер,7941,expense,27,seed_keywords_v1
Спортмастер Online,Synthetic no mcc operation спортмастер,0,expense,27,seed_no_mcc_v1
Спортмастер Online,Synthetic спортмастер purchase,7997,expense,27,seed_keywords_v1
Спортмастер Pay,Synthetic payment at спортмастер,7999,expense,27,seed_keywords_v1
Спортмастер Store,Synthetic card operation спортмастер,7997,expense,27,seed_keywords_v1
Фитнес City,Synthetic online payment фитнес,7941,expense,27,seed_keywords_v1
Фитнес Express,Synthetic card operation фитнес,7997,expense,27,seed_keywords_v1
Фитнес Online,Synthetic payment at фитнес,7999,expense,27,seed_keywords_v1
Фитнес Pay,Synthetic фитнес receipt,5941,expense,27,seed_keywords_v1
Фитнес Store,Synthetic no mcc operation фитнес,0,expense,27,seed_no_mcc_v1
Фитнес Store,Synthetic фитнес purchase,7997,expense,27,seed_keywords_v1
Aeroflot City,Synthetic online payment aeroflot,4511,expense,28,seed_keywords_v1
Aeroflot Express,Synthetic card operation aeroflot,4722,expense,28,seed_keywords_v1
Aeroflot Online,Synthetic payment at aeroflot,3001,expense,28,seed_keywords_v1
Aeroflot Pay,Synthetic aeroflot receipt,3501,expense,28,seed_keywords_v1
Aeroflot Store,Synthetic no mcc operation aeroflot,0,expense,28,seed_no_mcc_v1
Aeroflot Store,Synthetic aeroflot purchase,3000,expense,28,seed_keywords_v1
Airbnb City,Synthetic no mcc operation airbnb,0,expense,28,seed_no_mcc_v1
Airbnb City,Synthetic airbnb purchase,3501,expense,28,seed_keywords_v1
Airbnb Express,Synthetic payment at airbnb,4511,expense,28,seed_keywords_v1
Airbnb Online,Synthetic online payment airbnb,7011,expense,28,seed_keywords_v1
Airbnb Pay,Synthetic card operation airbnb,3000,expense,28,seed_keywords_v1
Airbnb Store,Synthetic airbnb receipt,4722,expense,28,seed_keywords_v1
Aviasales City,Synthetic card operation aviasales,3001,expense,28,seed_keywords_v1
Aviasales Express,Synthetic no mcc operation aviasales,0,expense,28,seed_no_mcc_v1
Aviasales Express,Synthetic aviasales purchase,4511,expense,28,seed_keywords_v1
Aviasales Online,Synthetic aviasales receipt,7011,expense,28,seed_keywords_v1
Aviasales Pay,Synthetic online payment aviasales,3000,expense,28,seed_keywords_v1
Aviasales Store,Synthetic payment at aviasales,4722,expense,28,seed_keywords_v1
Booking City,Synthetic payment at booking,3501,expense,28,seed_keywords_v1
Booking Express,Synthetic booking receipt,4511,expense,28,seed_keywords_v1
Booking Online,Synthetic card operation booking,7011,expense,28,seed_keywords_v1
Booking Pay,Synthetic no mcc operation booking,0,expense,28,seed_no_mcc_v1
Booking Pay,Synthetic booking purchase,3001,expense,28,seed_keywords_v1
Booking Store,Synthetic online payment booking,4722,expense,28,seed_keywords_v1
Hotel City,Synthetic no mcc operation hotel,0,expense,28,seed_no_mcc_v1
Hotel City,Synthetic hotel purchase,3001,expense,28,seed_keywords_v1
Hotel Express,Synthetic payment at hotel,3501,expense,28,seed_keywords_v1
Hotel Online,Synthetic online payment hotel,4722,expense,28,seed_keywords_v1
Hotel Pay,Synthetic card operation hotel,7011,expense,28,seed_keywords_v1
Hotel Store,Synthetic hotel receipt,4511,expense,28,seed_keywords_v1
Onetwotrip City,Synthetic onetwotrip receipt,3001,expense,28,seed_keywords_v1
Onetwotrip Express,Synthetic online payment onetwotrip,3501,expense,28,seed_keywords_v1
Onetwotrip Online,Synthetic no mcc operation onetwotrip,0,expense,28,seed_no_mcc_v1
Onetwotrip Online,Synthetic onetwotrip purchase,7011,expense,28,seed_keywords_v1
Onetwotrip Pay,Synthetic payment at onetwotrip,3000,expense,28,seed_keywords_v1
Onetwotrip Store,Synthetic card operation onetwotrip,4511,expense,28,seed_keywords_v1
Ostrovok City,Synthetic payment at ostrovok,3001,expense,28,seed_keywords_v1
Ostrovok Express,Synthetic ostrovok receipt,3501,expense,28,seed_keywords_v1
Ostrovok Online,Synthetic card operation ostrovok,4722,expense,28,seed_keywords_v1
Ostrovok Pay,Synthetic no mcc operation ostrovok,0,expense,28,seed_no_mcc_v1
Ostrovok Pay,Synthetic ostrovok purchase,3000,expense,28,seed_keywords_v1
Ostrovok Store,Synthetic online payment ostrovok,4511,expense,28,seed_keywords_v1
Pobeda City,Synthetic payment at pobeda,4511,expense,28,seed_keywords_v1
Pobeda Express,Synthetic pobeda receipt,4722,expense,28,seed_keywords_v1
Pobeda Online,Synthetic card operation pobeda,3000,expense,28,seed_keywords_v1
Pobeda Pay,Synthetic no mcc operation pobeda,0,expense,28,seed_no_mcc_v1
Pobeda Pay,Synthetic pobeda purchase,3501,expense,28,seed_keywords_v1
Pobeda Store,Synthetic online payment pobeda,7011,expense,28,seed_keywords_v1
Tour City,Synthetic tour receipt,3000,expense,28,seed_keywords_v1
Tour Express,Synthetic online payment tour,3001,expense,28,seed_keywords_v1
Tour Online,Synthetic no mcc operation tour,0,expense,28,seed_no_mcc_v1
Tour Online,Synthetic tour purchase,4722,expense,28,seed_keywords_v1
Tour Pay,Synthetic payment at tour,7011,expense,28,seed_keywords_v1
Tour Store,Synthetic card operation tour,3501,expense,28,seed_keywords_v1
Travel City,Synthetic online payment travel,3000,expense,28,seed_keywords_v1
Travel Express,Synthetic card operation travel,3001,expense,28,seed_keywords_v1
Travel Online,Synthetic payment at travel,4722,expense,28,seed_keywords_v1
Travel Pay,Synthetic travel receipt,7011,expense,28,seed_keywords_v1
Travel Store,Synthetic no mcc operation travel,0,expense,28,seed_no_mcc_v1
Travel Store,Synthetic travel purchase,4511,expense,28,seed_keywords_v1
Turkish Airlines City,Synthetic turkish airlines receipt,3501,expense,28,seed_keywords_v1
Turkish Airlines Express,Synthetic online payment turkish airlines,4511,expense,28,seed_keywords_v1
Turkish Airlines Online,Synthetic no mcc operation turkish airlines,0,expense,28,seed_no_mcc_v1
Turkish Airlines Online,Synthetic turkish airlines purchase,3000,expense,28,seed_keywords_v1
Turkish Airlines Pay,Synthetic payment at turkish airlines,3001,expense,28,seed_keywords_v1
Turkish Airlines Store,Synthetic card operation turkish airlines,4722,expense,28,seed_keywords_v1
Tutu City,Synthetic online payment tutu,3001,expense,28,seed_keywords_v1
Tutu Express,Synthetic card operation tutu,3501,expense,28,seed_keywords_v1
Tutu Online,Synthetic payment at tutu,7011,expense,28,seed_keywords_v1
Tutu Pay,Synthetic tutu receipt,3000,expense,28,seed_keywords_v1
Tutu Store,Synthetic no mcc operation tutu,0,expense,28,seed_no_mcc_v1
Tutu Store,Synthetic tutu purchase,4722,expense,28,seed_keywords_v1
Ural Airlines City,Synthetic online payment ural airlines,3501,expense,28,seed_keywords_v1
Ural Airlines Express,Synthetic card operation ural airlines,4511,expense,28,seed_keywords_v1
Ural Airlines Online,Synthetic payment at ural airlines,3000,expense,28,seed_keywords_v1
Ural Airlines Pay,Synthetic ural airlines receipt,3001,expense,28,seed_keywords_v1
Ural Airlines Store,Synthetic no mcc operation ural airlines,0,expense,28,seed_no_mcc_v1
Ural Airlines Store,Synthetic ural airlines purchase,7011,expense,28,seed_keywords_v1
Utair City,Synthetic card operation utair,3501,expense,28,seed_keywords_v1
Utair Express,Synthetic no mcc operation utair,0,expense,28,seed_no_mcc_v1
Utair Express,Synthetic utair purchase,4722,expense,28,seed_keywords_v1
Utair Online,Synthetic utair receipt,3000,expense,28,seed_keywords_v1
Utair Pay,Synthetic online payment utair,3001,expense,28,seed_keywords_v1
Utair Store,Synthetic payment at utair,7011,expense,28,seed_keywords_v1
Аэрофлот City,Synthetic аэрофлот receipt,4511,expense,28,seed_keywords_v1
Аэрофлот Express,Synthetic online payment аэрофлот,4722,expense,28,seed_keywords_v1
Аэрофлот Online,Synthetic no mcc operation аэрофлот,0,expense,28,seed_no_mcc_v1
Аэрофлот Online,Synthetic аэрофлот purchase,3001,expense,28,seed_keywords_v1
Аэрофлот Pay,Synthetic payment at аэрофлот,3501,expense,28,seed_keywords_v1
Аэрофлот Store,Synthetic card operation аэрофлот,7011,expense,28,seed_keywords_v1
Отель City,Synthetic card operation отель,3000,expense,28,seed_keywords_v1
Отель Express,Synthetic no mcc operation отель,0,expense,28,seed_no_mcc_v1
Отель Express,Synthetic отель purchase,3501,expense,28,seed_keywords_v1
Отель Online,Synthetic отель receipt,4722,expense,28,seed_keywords_v1
Отель Pay,Synthetic online payment отель,7011,expense,28,seed_keywords_v1
Отель Store,Synthetic payment at отель,4511,expense,28,seed_keywords_v1
Победа City,Synthetic no mcc operation победа,0,expense,28,seed_no_mcc_v1
Победа City,Synthetic победа purchase,4511,expense,28,seed_keywords_v1
Победа Express,Synthetic payment at победа,4722,expense,28,seed_keywords_v1
Победа Online,Synthetic online payment победа,3000,expense,28,seed_keywords_v1
Победа Pay,Synthetic card operation победа,3001,expense,28,seed_keywords_v1
Победа Store,Synthetic победа receipt,7011,expense,28,seed_keywords_v1
Charity City,Synthetic no mcc operation charity,0,expense,29,seed_no_mcc_v1
Charity City,Synthetic charity purchase,8398,expense,29,seed_keywords_v1
Charity Express,Synthetic payment at charity,8641,expense,29,seed_keywords_v1
Charity Online,Synthetic online payment charity,8661,expense,29,seed_keywords_v1
Charity Pay,Synthetic card operation charity,8398,expense,29,seed_keywords_v1
Charity Store,Synthetic charity receipt,8651,expense,29,seed_keywords_v1
Donation City,Synthetic online payment donation,8641,expense,29,seed_keywords_v1
Donation Express,Synthetic card operation donation,8651,expense,29,seed_keywords_v1
Donation Online,Synthetic payment at donation,8661,expense,29,seed_keywords_v1
Donation Pay,Synthetic donation receipt,8398,expense,29,seed_keywords_v1
Donation Store,Synthetic no mcc operation donation,0,expense,29,seed_no_mcc_v1
Donation Store,Synthetic donation purchase,8651,expense,29,seed_keywords_v1
Greenpeace City,Synthetic online payment greenpeace,8398,expense,29,seed_keywords_v1
Greenpeace Express,Synthetic card operation greenpeace,8641,expense,29,seed_keywords_v1
Greenpeace Online,Synthetic payment at greenpeace,8651,expense,29,seed_keywords_v1
Greenpeace Pay,Synthetic greenpeace receipt,8661,expense,29,seed_keywords_v1
Greenpeace Store,Synthetic no mcc operation greenpeace,0,expense,29,seed_no_mcc_v1
Greenpeace Store,Synthetic greenpeace purchase,8641,expense,29,seed_keywords_v1
Nuzhna Pomosh City,Synthetic payment at nuzhna pomosh,8398,expense,29,seed_keywords_v1
Nuzhna Pomosh Express,Synthetic nuzhna pomosh receipt,8641,expense,29,seed_keywords_v1
Nuzhna Pomosh Online,Synthetic card operation nuzhna pomosh,8661,expense,29,seed_keywords_v1
Nuzhna Pomosh Pay,Synthetic no mcc operation nuzhna pomosh,0,expense,29,seed_no_mcc_v1
Nuzhna Pomosh Pay,Synthetic nuzhna pomosh purchase,8661,expense,29,seed_keywords_v1
Nuzhna Pomosh Store,Synthetic online payment nuzhna pomosh,8651,expense,29,seed_keywords_v1
Podari Zhizn City,Synthetic online payment podari zhizn,8661,expense,29,seed_keywords_v1
Podari Zhizn Express,Synthetic card operation podari zhizn,8398,expense,29,seed_keywords_v1
Podari Zhizn Online,Synthetic payment at podari zhizn,8641,expense,29,seed_keywords_v1
Podari Zhizn Pay,Synthetic podari zhizn receipt,8651,expense,29,seed_keywords_v1
Podari Zhizn Store,Synthetic no mcc operation podari zhizn,0,expense,29,seed_no_mcc_v1
Podari Zhizn Store,Synthetic podari zhizn purchase,8398,expense,29,seed_keywords_v1
Rusfond City,Synthetic payment at rusfond,8661,expense,29,seed_keywords_v1
Rusfond Express,Synthetic rusfond receipt,8398,expense,29,seed_keywords_v1
Rusfond Online,Synthetic card operation rusfond,8651,expense,29,seed_keywords_v1
Rusfond Pay,Synthetic no mcc operation rusfond,0,expense,29,seed_no_mcc_v1
Rusfond Pay,Synthetic rusfond purchase,8651,expense,29,seed_keywords_v1
Rusfond Store,Synthetic online payment rusfond,8641,expense,29,seed_keywords_v1
Wwf City,Synthetic card operation wwf,8398,expense,29,seed_keywords_v1
Wwf Express,Synthetic no mcc operation wwf,0,expense,29,seed_no_mcc_v1
Wwf Express,Synthetic wwf purchase,8398,expense,29,seed_keywords_v1
Wwf Online,Synthetic wwf receipt,8651,expense,29,seed_keywords_v1
Wwf Pay,Synthetic online payment wwf,8661,expense,29,seed_keywords_v1
Wwf Store,Synthetic payment at wwf,8641,expense,29,seed_keywords_v1
Благотворительность City,Synthetic card operation благотворительность,8641,expense,29,seed_keywords_v1
Благотворительность Express,Synthetic no mcc operation благотворительность,0,expense,29,seed_no_mcc_v1
Благотворительность Express,Synthetic благотворительность purchase,8641,expense,29,seed_keywords_v1
Благотворительность Online,Synthetic благотворительность receipt,8661,expense,29,seed_keywords_v1
Благотворительность Pay,Synthetic online payment благотворительность,8398,expense,29,seed_keywords_v1
Благотворительность Store,Synthetic payment at благотворительность,8651,expense,29,seed_keywords_v1
Нужна Помощь City,Synthetic нужна помощь receipt,8398,expense,29,seed_keywords_v1
Нужна Помощь Express,Synthetic online payment нужна помощь,8641,expense,29,seed_keywords_v1
Нужна Помощь Online,Synthetic no mcc operation нужна помощь,0,expense,29,seed_no_mcc_v1
Нужна Помощь Online,Synthetic нужна помощь purchase,8651,expense,29,seed_keywords_v1
Нужна Помощь Pay,Synthetic payment at нужна помощь,8661,expense,29,seed_keywords_v1
Нужна Помощь Store,Synthetic card operation нужна помощь,8651,expense,29,seed_keywords_v1
Подари Жизнь City,Synthetic подари жизнь receipt,8661,expense,29,seed_keywords_v1
Подари Жизнь Express,Synthetic online payment подари жизнь,8398,expense,29,seed_keywords_v1
Подари Жизнь Online,Synthetic no mcc operation подари жизнь,0,expense,29,seed_no_mcc_v1
Подари Жизнь Online,Synthetic подари жизнь purchase,8641,expense,29,seed_keywords_v1
Подари Жизнь Pay,Synthetic payment at подари жизнь,8651,expense,29,seed_keywords_v1
Подари Жизнь Store,Synthetic card operation подари жизнь,8641,expense,29,seed_keywords_v1
Пожертвование City,Synthetic пожертвование receipt,8641,expense,29,seed_keywords_v1
Пожертвование Express,Synthetic online payment пожертвование,8651,expense,29,seed_keywords_v1
Пожертвование Online,Synthetic no mcc operation пожертвование,0,expense,29,seed_no_mcc_v1
Пожертвование Online,Synthetic пожертвование purchase,8661,expense,29,seed_keywords_v1
Пожертвование Pay,Synthetic payment at пожертвование,8398,expense,29,seed_keywords_v1
Пожертвование Store,Synthetic card operation пожертвование,8661,expense,29,seed_keywords_v1
Русфонд City,Synthetic no mcc operation русфонд,0,expense,29,seed_no_mcc_v1
Русфонд City,Synthetic русфонд purchase,8661,expense,29,seed_keywords_v1
Русфонд Express,Synthetic payment at русфонд,8398,expense,29,seed_keywords_v1
Русфонд Online,Synthetic online payment русфонд,8651,expense,29,seed_keywords_v1
Русфонд Pay,Synthetic card operation русфонд,8661,expense,29,seed_keywords_v1
Русфонд Store,Synthetic русфонд receipt,8641,expense,29,seed_keywords_v1
Balloons City,Synthetic balloons receipt,5992,expense,30,seed_keywords_v1
Balloons Express,Synthetic online payment balloons,5947,expense,30,seed_keywords_v1
Balloons Online,Synthetic no mcc operation balloons,0,expense,30,seed_no_mcc_v1
Balloons Online,Synthetic balloons purchase,5992,expense,30,seed_keywords_v1
Balloons Pay,Synthetic payment at balloons,5947,expense,30,seed_keywords_v1
Balloons Store,Synthetic card operation balloons,5992,expense,30,seed_keywords_v1
Buket City,Synthetic buket receipt,5947,expense,30,seed_keywords_v1
Buket Express,Synthetic online payment buket,5992,expense,30,seed_keywords_v1
Buket Online,Synthetic no mcc operation buket,0,expense,30,seed_no_mcc_v1
Buket Online,Synthetic buket purchase,5947,expense,30,seed_keywords_v1
Buket Pay,Synthetic payment at buket,5992,expense,30,seed_keywords_v1
Buket Store,Synthetic card operation buket,5947,expense,30,seed_keywords_v1
Florist City,Synthetic florist receipt,5992,expense,30,seed_keywords_v1
Florist Express,Synthetic online payment florist,5947,expense,30,seed_keywords_v1
Florist Online,Synthetic no mcc operation florist,0,expense,30,seed_no_mcc_v1
Florist Online,Synthetic florist purchase,5992,expense,30,seed_keywords_v1
Florist Pay,Synthetic payment at florist,5947,expense,30,seed_keywords_v1
Florist Store,Synthetic card operation florist,5992,expense,30,seed_keywords_v1
Flowers City,Synthetic payment at flowers,5992,expense,30,seed_keywords_v1
Flowers Express,Synthetic flowers receipt,5947,expense,30,seed_keywords_v1
Flowers Online,Synthetic card operation flowers,5947,expense,30,seed_keywords_v1
Flowers Pay,Synthetic no mcc operation flowers,0,expense,30,seed_no_mcc_v1
Flowers Pay,Synthetic flowers purchase,5947,expense,30,seed_keywords_v1
Flowers Store,Synthetic online payment flowers,5992,expense,30,seed_keywords_v1
Flowwow City,Synthetic online payment flowwow,5992,expense,30,seed_keywords_v1
Flowwow Express,Synthetic card operation flowwow,5947,expense,30,seed_keywords_v1
Flowwow Online,Synthetic payment at flowwow,5992,expense,30,seed_keywords_v1
Flowwow Pay,Synthetic flowwow receipt,5947,expense,30,seed_keywords_v1
Flowwow Store,Synthetic no mcc operation flowwow,0,expense,30,seed_no_mcc_v1
Flowwow Store,Synthetic flowwow purchase,5947,expense,30,seed_keywords_v1
Gift City,Synthetic no mcc operation gift,0,expense,30,seed_no_mcc_v1
Gift City,Synthetic gift purchase,5947,expense,30,seed_keywords_v1
Gift Express,Synthetic payment at gift,5992,expense,30,seed_keywords_v1
Gift Online,Synthetic online payment gift,5992,expense,30,seed_keywords_v1
Gift Pay,Synthetic card operation gift,5947,expense,30,seed_keywords_v1
Gift Store,Synthetic gift receipt,5947,expense,30,seed_keywords_v1
Tsveti City,Synthetic card operation tsveti,5947,expense,30,seed_keywords_v1
Tsveti Express,Synthetic no mcc operation tsveti,0,expense,30,seed_no_mcc_v1
Tsveti Express,Synthetic tsveti purchase,5947,expense,30,seed_keywords_v1
Tsveti Online,Synthetic tsveti receipt,5947,expense,30,seed_keywords_v1
Tsveti Pay,Synthetic online payment tsveti,5992,expense,30,seed_keywords_v1
Tsveti Store,Synthetic payment at tsveti,5992,expense,30,seed_keywords_v1
Букет City,Synthetic online payment букет,5947,expense,30,seed_keywords_v1
Букет Express,Synthetic card operation букет,5992,expense,30,seed_keywords_v1
Букет Online,Synthetic payment at букет,5947,expense,30,seed_keywords_v1
Букет Pay,Synthetic букет receipt,5992,expense,30,seed_keywords_v1
Букет Store,Synthetic no mcc operation букет,0,expense,30,seed_no_mcc_v1
Букет Store,Synthetic букет purchase,5992,expense,30,seed_keywords_v1
Подарки City,Synthetic card operation подарки,5992,expense,30,seed_keywords_v1
Подарки Express,Synthetic no mcc operation подарки,0,expense,30,seed_no_mcc_v1
Подарки Express,Synthetic подарки purchase,5992,expense,30,seed_keywords_v1
Подарки Online,Synthetic подарки receipt,5992,expense,30,seed_keywords_v1
Подарки Pay,Synthetic online payment подарки,5947,expense,30,seed_keywords_v1
Подарки Store,Synthetic payment at подарки,5947,expense,30,seed_keywords_v1
Подарок City,Synthetic payment at подарок,5947,expense,30,seed_keywords_v1
Подарок Express,Synthetic подарок receipt,5992,expense,30,seed_keywords_v1
Подарок Online,Synthetic card operation подарок,5992,expense,30,seed_keywords_v1
Подарок Pay,Synthetic no mcc operation подарок,0,expense,30,seed_no_mcc_v1
Подарок Pay,Synthetic подарок purchase,5992,expense,30,seed_keywords_v1
Подарок Store,Synthetic online payment подарок,5947,expense,30,seed_keywords_v1
Цветы City,Synthetic no mcc operation цветы,0,expense,30,seed_no_mcc_v1
Цветы City,Synthetic цветы purchase,5992,expense,30,seed_keywords_v1
Цветы Express,Synthetic payment at цветы,5947,expense,30,seed_keywords_v1
Цветы Online,Synthetic online payment цветы,5947,expense,30,seed_keywords_v1
Цветы Pay,Synthetic card operation цветы,5992,expense,30,seed_keywords_v1
Цветы Store,Synthetic цветы receipt,5992,expense,30,seed_keywords_v1
Шары City,Synthetic online payment шары,5992,expense,30,seed_keywords_v1
Шары Express,Synthetic card operation шары,5947,expense,30,seed_keywords_v1
Шары Online,Synthetic payment at шары,5992,expense,30,seed_keywords_v1
Шары Pay,Synthetic шары receipt,5947,expense,30,seed_keywords_v1
Шары Store,Synthetic no mcc operation шары,0,expense,30,seed_no_mcc_v1
Шары Store,Synthetic шары purchase,5947,expense,30,seed_keywords_v1
